Google 22 oz Water Bottle,Google Twill Cap,Sport Bag,Google Men's 100% Cotton Short Sleeve Hero Tee Black
Google Men's Watershed Full Zip Hoodie Grey,Google Men's Short Sleeve Performance Badge Tee Charcoal
Google Men's  Zip Hoodie
Google Men's 100% Cotton Short Sleeve Hero Tee Black
Google Men's 100% Cotton Short Sleeve Hero Tee White
Google 22 oz Water Bottle,Google Twill Cap,Google Metallic Notebook Set,Sport Bag,7&quot; Dog Frisbee,Google Blackout Cap,Foam Can and Bottle Cooler,Galaxy Screen Cleaning Cloth,1 oz Hand Sanitizer,Crunch Noise Dog Toy,Bottle Opener Clip,SPF-15 Slim & Slender Lip Balm,Compact Selfie Stick,Leather and Metal Ballpoint Pen,Color Changing Grip Pen,Engraved Ceramic Google Mug
Google 22 oz Water Bottle,Android Sticker Sheet Ultra Removable,Google Laptop and Cell Phone Stickers,8 pc Android Sticker Sheet,Google Rucksack,Waze Women's Typography Short Sleeve Tee,Google Women's Short Sleeve Badge Tee Navy,Google Women's Long Sleeve Blended Cardigan Charcoal,22 oz YouTube Bottle Infuser,Rainbow Stylus Pen,Google Laptop Tech Backpack,Gel Roller Pen,Android 24 oz Contigo Bottle
Android Onesie Gold,Android Toddler Short Sleeve T-shirt Pewter
Recycled Paper Journal Set,Google Executive Umbrella
Google Women's 1/4 Zip Performance Pullover Black
Google Men's 100% Cotton Short Sleeve Hero Tee Black
Google Men's Vintage Badge Tee White,Google Men's Vintage Badge Tee Sage,Google Men's Vintage Badge Tee Black
Google Women's Short Sleeve Badge Tee Grey,Google Men's Vintage Badge Tee White,Google Men's Vintage Badge Tee Sage,Android Men's Short Sleeve Hero Tee Heather
YouTube Men's Fleece Hoodie Black,YouTube Men's Short Sleeve Hero Tee Charcoal
Yoga Block
26 oz Double Wall Insulated Bottle
Google Braille Tee Black,Google Thermal Bottle Red
Google Women's Short Sleeve Hero Tee White
Google Laptop and Cell Phone Stickers,YouTube Custom Decals
8 pc Android Sticker Sheet,Recycled Paper Journal Set,Google Men's 100% Cotton Short Sleeve Hero Tee Black,Google Women's Short Sleeve Hero Tee Black
YouTube Twill Cap,Compact Selfie Stick
Google Men's Vintage Badge Tee Black
Google Men's 100% Cotton Short Sleeve Hero Tee Navy,Google Men's Watershed Full Zip Hoodie Grey
Google Onesie Green
Google Twill Cap
8 pc Android Sticker Sheet,Recycled Paper Journal Set,Sport Bag,7&quot; Dog Frisbee,Red Shine 15 oz Mug,Google Kick Ball,Google Lunch Bag,Google Tote Bag
Windup Android,Android 17oz Stainless Steel Sport Bottle
Ballpoint LED Light Pen,Google Stylus Pen w/ LED Light,Google 22 oz Water Bottle,Google Laptop and Cell Phone Stickers,Google Metallic Notebook Set,Four Color Retractable Pen,Google Pet Feeding Mat,Badge Holder
Google Baby Essentials Set
Recycled Paper Journal Set,Android 25 oz Green Apple Stainless Steel Bottle,Pen Pencil & Highlighter Set,Softsided Travel Pouch Set
YouTube Men's Fleece Hoodie Black
Google 22 oz Water Bottle,Sport Bag,Collapsible Shopping Bag,Badge Holder,Android Onesie Gold,1 oz Hand Sanitizer,Google Tote Bag,Google Canvas Tote Natural/Navy,Google Onesie Red/Graphite,Google Hard Cover Journal,SPF-15 Slim & Slender Lip Balm,YouTube Hard Cover Journal,Ballpoint Stick Pen 4 Pack
Google Onesie Green
Ballpoint LED Light Pen,8 pc Android Sticker Sheet,Google Thermal Bottle Red,Waze Mobile Phone Vent Mount,Waze Mood Ninja Window Decal
Google Men's Lightweight Microfleece Jacket Black,Google Men's Long Sleeve Raglan Ocean Blue
Google Women's Short Sleeve Badge Tee Grey,Google Kick Ball
Google Metallic Notebook Set,Google Youth Girl Tee Green
Men's Softshell Jacket Black/Grey
Google Men's Bayside Graphic Tee,Red Shine 15 oz Mug,Google Men's Bike Short Sleeve Tee Charcoal,Google Toddler Short Sleeve T-shirt Grey,Android Toddler Short Sleeve T-shirt Pewter,Google Men's Long Sleeve Raglan Cranberry
Rubber Grip Ballpoint Pen 4 Pack,Google Spiral Journal with Pen
Google Women's Short Sleeve Hero Tee Red Heather,Google Men's Airflow 1/4 Zip Pullover Black
Google Snapback Black Cap,Google Laptop and Cell Phone Stickers,Google Emoji Sticker Pack,Google Rucksack,Maze Pen,Google Men's 100% Cotton Short Sleeve Hero Tee Black,Google Sunglasses
Google Laptop and Cell Phone Stickers,Google Doodle Decal
Google Twill Cap,Google Women's Short Sleeve Hero Tee Sky Blue
Google Men's Long & Lean Tee Charcoal
Google Men's Bike Short Sleeve Tee Charcoal,Android Lifted Men's Short Sleeve Tee Blue
Men's Weatherblock Shell Jacket Black,Google Men's Vintage Badge Tee Black
Google Metallic Notebook Set
Waterproof Backpack,Women's Performance Full Zip Jacket Black,Google Women's Vintage Hero Tee Black
Windup Android
Collapsible Shopping Bag,Android Men's Long & Lean Badge Tee Charcoal
Google Men's 100% Cotton Short Sleeve Hero Tee Black,Google Men's Vintage Tank,Google Men's Short Sleeve Performance Badge Tee Black,Google Men's Vintage Badge Tee Black
Google Canvas Tote Natural/Navy,Google Womens 3/4 Sleeve Baseball Raglan Heather/Black,Google Men's Long Sleeve Pullover Badge Tee Heather
Google Tee Blue,Google Women's Performance Golf Polo Blue,Android Women's Dash Tee Grey,YouTube Custom Decals
Sport Bag,Crunch Noise Dog Toy,Ballpoint Stick Pen 4 Pack,Gel Roller Pen
Google Metallic Notebook Set,7&quot; Dog Frisbee,Women's Performance Full Zip Jacket Black
Google Laptop and Cell Phone Stickers,8 pc Android Sticker Sheet,YouTube Custom Decals,Google Men's Bayside Graphic Tee,Google Doodle Decal,YouTube Men's Long & Lean Tee Charcoal,Google 17oz Stainless Steel Sport Bottle,26 oz Double Wall Insulated Bottle,YouTube Men's Skater Tee Charcoal
Google Men's Watershed Full Zip Hoodie Grey
Google Men's Quilted Insulated Vest Battleship Grey,Google Women's Quilted Insulated Vest Black
Android Sticker Sheet Ultra Removable,Google Laptop and Cell Phone Stickers,Android Rise 14 oz Mug
Google Kick Ball
Gift Card - $25.00
Android Lifted Men's Short Sleeve Tee Blue,Android Youth Short Sleeve T-shirt Aqua
Reusable Shopping Bag
Google Youth Short Sleeve Tee Red
Windup Android,Foam Can and Bottle Cooler,Compact Selfie Stick
Google Women's Tee Grey,Google Women's Vintage Hero Tee Lavender,Yoga Mat Blue,Google Men's Skater Tee Grey
Google Stylus Pen w/ LED Light,Android Men's Take Charge Short Sleeve Tee Purple,Google Spiral Leather Journal,Android Luggage Tag
Red Shine 15 oz Mug
Google 22 oz Water Bottle,8 pc Android Sticker Sheet,Maze Pen,YouTube Custom Decals
Google Laptop and Cell Phone Stickers,Google Twill Cap,Google Large Standard Journal Navy,Four Color Retractable Pen,Google Doodle Decal,Emoji Sticker Sheet
Waze Mood Original Window Decal
Google Men's Bike Short Sleeve Tee Charcoal
Gift Card - $250.00
Windup Android,Google 22 oz Water Bottle,Google Twill Cap,Google Rucksack,Sport Bag,Google Sunglasses,Android Rise 14 oz Mug,7&quot; Dog Frisbee,Google 17oz Stainless Steel Sport Bottle
Google Toddler Short Sleeve Tee Red
Google Twill Cap,Google Men's 100% Cotton Short Sleeve Hero Tee Black
Google Men's Bike Short Sleeve Tee Charcoal
Google Trike Tee Black,Google Protector Tee Navy
Google Infant Short Sleeve Tee Red
Four Color Retractable Pen,Google Hard Cover Journal,Google Leather Journal-Brown
Google Women's Short Sleeve Badge Tee Grey,Google Women's Scoop Neck Tee White,Google Women's Scoop Neck Tee Black,Badge Holder,Google Women's Short Sleeve Hero Tee Grey,Google Women's Vintage Hero Tee Platinum,Google Men's Long Sleeve Raglan Ocean Blue,Google Women's Vintage Hero Tee Black
Waterproof Backpack
Google 22 oz Water Bottle,Recycled Paper Journal Set
Windup Android,Waze Mood Ninja Window Decal
Waze Mood Original Window Decal
Google Women's Short Sleeve Hero Tee White,Google Women's Short Sleeve Badge Tee Grey,Google Hub Mug White,Windup Android,Google 22 oz Water Bottle
Google Toddler 1/4 Zip Fleece Pewter
Google Women's Short Sleeve Hero Tee Heather,Google Tee Green,Google Women's Tee Grey
Google Laptop and Cell Phone Stickers,Google Men's Short Sleeve Badge Tee Charcoal,Google Vintage Henley Grey/Black,Google Men's  Zip Hoodie,Google 5-Panel Snapback Cap
Android Men's Vintage Henley,Google Tri-blend Hoodie Grey
Google Women's Short Sleeve Hero Tee Black,Google Men's 100% Cotton Short Sleeve Hero Tee Navy,Google Blackout Cap,Red Shine 15 oz Mug,Google Men's Vintage Badge Tee Sage,Google Women's Vintage Hero Tee White
BLM Sweatshirt
Google Youth Girl Hoodie,Google Toddler Hoodie Royal Blue
Waze Men's Short Sleeve Tee
Google Sunglasses,Pen Pencil & Highlighter Set
Google Men's Airflow 1/4 Zip Pullover Black
Google Women's Scoop Neck Tee Black,Google Men's Long & Lean Tee Charcoal,Google Women's Short Sleeve Badge Tee Navy,YouTube Men's Vintage Tank,YouTube Men's Skater Tee Charcoal
Google Crew Sweater Navy
Google Laptop and Cell Phone Stickers,Google Accent Insulated Stainless Steel Bottle
Android Men's Short Sleeve Tri-blend Hero Tee Grey,Google Men's Vintage Badge Tee Black,Google Women's Vintage Hero Tee Black
Google Tee Blue
Google Men's Short Sleeve Hero Tee Charcoal
Google Sunglasses,Google Kick Ball,Google 25 oz Red Stainless Steel Bottle,Pen Pencil & Highlighter Set,Leatherette Journal,Google Leather Journal-Black,Google Leather Journal-Brown,Android 24 oz Contigo Bottle,Ballpoint Pen & Matching Tube Case,Google Stretch Fit Hat S/M Navy,Google Stretch Fit Hat M/L Navy
Gift Card - $250.00
YouTube Onesie Heather
Google Men's Short Sleeve Performance Badge Tee Pewter,Google Men's Short Sleeve Performance Badge Tee Charcoal
Google Men's  Zip Hoodie
Android Men's Paradise Short Sleeve Tee Olive
Sport Bag,Google Canvas Tote Natural/Navy
Google 5-Panel Cap
Gift Card - $250.00
Ballpoint LED Light Pen,Google Metallic Notebook Set,Sport Bag,Google Men's Quilted Insulated Vest Black
Waze Mobile Phone Vent Mount,Maze Pen,Google Pet Feeding Mat
Google Women's Tee Grey,Google Sunglasses,Google Women's Short Sleeve Badge Tee Navy
Google 5-Panel Cap,Foam Can and Bottle Cooler,Google Men's Skater Tee Grey
Google 22 oz Water Bottle,Waze Mobile Phone Vent Mount,Waze Mood Ninja Window Decal,Google Sunglasses,Google Men's Bayside Graphic Tee,Android BTTF Moonshot Graphic Tee,Android Rise 14 oz Mug,Android Infant Short Sleeve Tee Pewter,Emoji Sticker Sheet,Google 17oz Stainless Steel Sport Bottle,Red Shine 15 oz Mug,Google Kick Ball
Google Men's 100% Cotton Short Sleeve Hero Tee White
Google Tee Yellow,YouTube Tee Black
Google 22 oz Water Bottle
Google Women's Tee Grey,Google Men's Bike Short Sleeve Tee Charcoal
Google Women's Vintage Hero Tee White
Google Sunglasses,Google Men's Bike Short Sleeve Tee Charcoal
Google Men's 100% Cotton Short Sleeve Hero Tee White
Google Women's Short Sleeve Performance Tee Pewter
Google Stylus Pen w/ LED Light,Google Sunglasses,Google Men's Quilted Insulated Vest Black,26 oz Double Wall Insulated Bottle,Google Canvas Tote Natural/Navy,Google Hard Cover Journal,Google Zipper-front Sports Bag
Android 17oz Stainless Steel Sport Bottle
Android BTTF Cosmos Graphic Tee,Google 17oz Stainless Steel Sport Bottle,Google Men's Short Sleeve Performance Badge Tee Charcoal,Google Men's Vintage Badge Tee Black,26 oz Double Wall Insulated Bottle
Google Women's Fleece Hoodie
Google Women's Short Sleeve Badge Tee Grey,Ballpoint LED Light Pen,Google Women's Short Sleeve Hero Tee Heather,Google Metallic Notebook Set,Maze Pen,Four Color Retractable Pen,Sport Bag
Google Men's 100% Cotton Short Sleeve Hero Tee White
Sport Bag,Foam Can and Bottle Cooler,Google Infuser-Top Water Bottle
Google Men's Bayside Graphic Tee,Google Men's Airflow 1/4 Zip Pullover Lapis,Google Men's Quilted Insulated Vest Black,Google Men's Short Sleeve Performance Badge Tee Charcoal,Google Men's Airflow 1/4 Zip Pullover Black,Google Men's Short Sleeve Performance Badge Tee Navy,Google Youth Girl Hoodie
Gift Card - $250.00
YouTube Men's Fleece Hoodie Black
Windup Android
Google Snapback Black Cap
Maze Pen,1 oz Hand Sanitizer,Google Leather Journal-Brown,Google Insulated Stainless Steel Bottle
Android Infant Short Sleeve Tee Pewter,Google 17oz Stainless Steel Sport Bottle,26 oz Double Wall Insulated Bottle,Google Tote Bag,Google Men's Skater Tee Grey
Waze Baby on Board Window Decal
Google Men's Vintage Badge Tee Black
26 oz Double Wall Insulated Bottle
Google 22 oz Water Bottle,Google Lunch Bag,Colored Pencil Set,Google Canvas Tote Natural/Navy,Color Changing Grip Pen
Android Men's  Zip Hoodie
Google Women's Short Sleeve Hero Tee White,Google Men's 100% Cotton Short Sleeve Hero Tee White,Google Men's Bike Short Sleeve Tee Charcoal
Google Infant Short Sleeve Tee White
Google Women's Short Sleeve Hero Tee White,23 oz Wide Mouth Sport Bottle,Women's Performance Full Zip Jacket Black,Google Women's Vintage Hero Tee Black
Google Tee Blue,Google Tee Green
Google Men's Short Sleeve Hero Tee Charcoal,Red Shine 15 oz Mug,Google Men's Short Sleeve Performance Badge Tee Pewter,Foam Can and Bottle Cooler,Bottle Opener Clip
Galaxy Screen Cleaning Cloth,1 oz Hand Sanitizer
Google Men's Bike Short Sleeve Tee Charcoal
YouTube Women's Favorite Tee White,YouTube Tee Black,YouTube Kids Tee White
Google Sunglasses,Badge Holder,Google Men's Microfiber 1/4 Zip Pullover Blue/Indigo,Google Men's Around The Block Short Sleeve Tee Ash,24 oz YouTube Sergeant Stripe Bottle,Color Changing Grip Pen,Reusable Shopping Bag
Google Laptop and Cell Phone Stickers,Google Sunglasses,Google Doodle Decal,Spiral Notebook and Pen Set
Google Metallic Notebook Set,Google Spiral Journal with Pen
Google Men's 100% Cotton Short Sleeve Hero Tee Red,Google Men's Vintage Badge Tee Black
Google Stylus Pen w/ LED Light,Google 22 oz Water Bottle,Waterproof Backpack,Emoji Sticker Sheet,1 oz Hand Sanitizer
Google Stylus Pen w/ LED Light,Sport Bag,Google Women's Fleece Hoodie,Women's Performance Full Zip Jacket Black,Google Lunch Bag,Google Men's Vintage Badge Tee Sage,Google Men's Vintage Badge Tee Black,Google Men's Short Sleeve Performance Badge Tee Navy
Google Women's Short Sleeve Badge Tee Grey
BLM Sweatshirt
Spiral Notebook and Pen Set
Google Men's  Zip Hoodie
Google Laptop and Cell Phone Stickers,Four Color Retractable Pen,Google Doodle Decal
8 pc Android Sticker Sheet,Google Pet Feeding Mat,Badge Holder,Google Doodle Decal,Android Men's Short Sleeve Tri-blend Hero Tee Grey,Android 17oz Stainless Steel Sport Bottle,Google 25 oz Clear Stainless Steel Bottle
YouTube Men's Short Sleeve Hero Tee Black,YouTube Women's Fleece Hoodie Black,YouTube Men's Short Sleeve Hero Tee Charcoal,YouTube Men's Short Sleeve Hero Tee White
Google Men's Performance Full Zip Jacket Black,SPF-15 Slim & Slender Lip Balm,Google Executive Umbrella,Yoga Block,Google Zipper-front Sports Bag
Google 22 oz Water Bottle,Google 25 oz Red Stainless Steel Bottle,Google Men's Performance Hero Tee Gunmetal,Google 25 oz Blue Stainless Steel Bottle
Android Rise 14 oz Mug,Google Men's Vintage Badge Tee White,Google 17oz Stainless Steel Sport Bottle,Google Men's Watershed Full Zip Hoodie Grey,Google Men's Short Sleeve Performance Badge Tee Charcoal,Google Men's Vintage Badge Tee Black
Google 22 oz Water Bottle,Recycled Paper Journal Set,Rubber Grip Ballpoint Pen 4 Pack,SPF-15 Slim & Slender Lip Balm
BLM Sweatshirt
Google Men's Bike Short Sleeve Tee Charcoal
Recycled Paper Journal Set,Ballpoint Stick Pen 4 Pack
Google Women's Short Sleeve Hero Tee Black
BLM Sweatshirt
Google Crew Sweater Navy,Google Snapback Navy Cap
1 oz Hand Sanitizer,SPF-15 Slim & Slender Lip Balm
Google Infant Zip Hood Royal Blue,Google Infant Zip Hood Pink,Android Onesie Baby Blue,Android Onesie Sprout Green
Google Laptop and Cell Phone Stickers,8 pc Android Sticker Sheet
Android Men's Outerstellar Short Sleeve Tee Black
Google Laptop and Cell Phone Stickers,8 pc Android Sticker Sheet,Maze Pen,YouTube Custom Decals,Google Doodle Decal,Emoji Sticker Sheet
Google Men's Vintage Badge Tee White,Google Men's Short Sleeve Badge Tee Charcoal,Google Men's Vintage Badge Tee Black
8 pc Android Sticker Sheet,Google Doodle Decal,Google Collapsible Pet Bowl,Crunch Noise Dog Toy,Android Toddler Short Sleeve T-shirt Pink,Android Infant Short Sleeve Tee Aqua
Google Stretch Fit Hat S/M Navy,Google Stretch Fit Hat M/L Navy
26 oz Double Wall Insulated Bottle
Google Youth Short Sleeve T-shirt Royal Blue
Collapsible Shopping Bag,Google Women's 1/4 Zip Performance Pullover Black,1 oz Hand Sanitizer,Google Canvas Tote Natural/Navy,Google Tri-blend Hoodie Grey
Ballpoint LED Light Pen,Google Snapback Black Cap,Google Crew Sweater Navy,Google Twill Cap,Android Small Removable Sticker Sheet,Google Snapback Navy Cap,Four Color Retractable Pen,YouTube Custom Decals,Google Men's 100% Cotton Short Sleeve Hero Tee Black
Google 17oz Stainless Steel Sport Bottle,Google Hard Cover Journal,YouTube Hard Cover Journal,Android 17oz Stainless Steel Sport Bottle,20 oz Stainless Steel Insulated Tumbler
Colored Pencil Set
Google 22 oz Water Bottle,Google Men's 100% Cotton Short Sleeve Hero Tee Black,Google Sunglasses,Google Women's Scoop Neck Tee Black,Google Women's Short Sleeve Hero Tee Grey,Google Toddler Short Sleeve Tee Red,Foam Can and Bottle Cooler,Google Women's Vintage Hero Tee Black
26 oz Double Wall Insulated Bottle,Leatherette Journal,Google Ballpoint Pen Black
Google Women's Fleece Hoodie,Android Men's Pep Rally Short Sleeve Tee Navy,Android 24 oz Contigo Bottle
Google Women's Scoop Neck Tee White,Google Women's Scoop Neck Tee Black,Google RFID Journal,Google Men's Vintage Badge Tee White,Google Women's Short Sleeve Badge Tee Navy,Google Women's Short Sleeve Hero Tee Grey,Google Men's Vintage Badge Tee Black,Leatherette Journal
Google 22 oz Water Bottle,Google Sunglasses,Google Men's Vintage Tank,Foam Can and Bottle Cooler,Crunch Noise Dog Toy,Google Insulated Stainless Steel Bottle
Women's Performance Full Zip Jacket Black
Google Laptop and Cell Phone Stickers,YouTube Custom Decals,Google Women's Scoop Neck Tee White,Google Women's Scoop Neck Tee Black,Google Pet Feeding Mat,Badge Holder,Google Women's Short Sleeve Hero Tee Grey,Google Women's Vintage Hero Tee Platinum,22 oz YouTube Bottle Infuser
Google Blackout Cap
Google Men's Long Sleeve Raglan Ocean Blue
Google Men's Bike Short Sleeve Tee Charcoal
Google Hard Cover Journal
BLM Sweatshirt
Google Laptop and Cell Phone Stickers,YouTube Custom Decals,Sport Bag,Google Sunglasses,23 oz Wide Mouth Sport Bottle,Google Men's 100% Cotton Short Sleeve Hero Tee Red,Google Men's 100% Cotton Short Sleeve Hero Tee Navy,YouTube Women's Short Sleeve Hero Tee Charcoal,Red Shine 15 oz Mug,Google Kick Ball,22 oz YouTube Bottle Infuser,Google Men's 100% Cotton Short Sleeve Hero Tee White,26 oz Double Wall Insulated Bottle,Galaxy Screen Cleaning Cloth,Bottle Opener Clip
Google Baby Essentials Set
Google Men's Short Sleeve Hero Tee Heather
Google Laptop and Cell Phone Stickers,Google Kick Ball
Google Women's Short Sleeve Hero Tee White,Google Men's 100% Cotton Short Sleeve Hero Tee Navy,Google Doodle Decal,Google Kick Ball,Engraved Ceramic Google Mug
Google Men's Short Sleeve Performance Badge Tee Black,Google Men's Short Sleeve Performance Badge Tee Pewter,Google Men's Short Sleeve Performance Badge Tee Charcoal
Google Women's Short Sleeve Badge Tee Grey,Google Snapback Black Cap,Google Twill Cap,Android Small Removable Sticker Sheet
Google Men's Bike Short Sleeve Tee Charcoal
Google Women's Short Sleeve Hero Tee Black,Google Men's 100% Cotton Short Sleeve Hero Tee White
Google Metallic Notebook Set
26 oz Double Wall Insulated Bottle,20 oz Stainless Steel Insulated Tumbler
8 pc Android Sticker Sheet,Android Small Removable Sticker Sheet,Waze Mood Ninja Window Decal,Waze Mood Happy Window Decal,Android Rise 14 oz Mug
Ballpoint LED Light Pen,Android Sticker Sheet Ultra Removable,Google Laptop and Cell Phone Stickers,8 pc Android Sticker Sheet,Google Metallic Notebook Set,YouTube Custom Decals,Google 17oz Stainless Steel Sport Bottle,YouTube Leatherette Notebook Combo
Google 22 oz Water Bottle,22 oz Android Bottle
22 oz Android Bottle,Android Men's Paradise Short Sleeve Tee Olive,Android Stretch Fit Hat M/L
Google Laptop and Cell Phone Stickers,YouTube Custom Decals,Foam Can and Bottle Cooler
Google 22 oz Water Bottle,Google Women's Vintage Hero Tee Black,Google Toddler Short Sleeve T-shirt Grey
Google Twill Cap,Google Men's 100% Cotton Short Sleeve Hero Tee Navy,Google Stretch Fit Hat L/XL Navy
Waze Mobile Phone Vent Mount
Google Men's 100% Cotton Short Sleeve Hero Tee Black,Google Men's 100% Cotton Short Sleeve Hero Tee Navy
Google Women's Short Sleeve Badge Tee Grey,Google 22 oz Water Bottle,Google Men's 100% Cotton Short Sleeve Hero Tee Navy,Google Men's Vintage Badge Tee White,YouTube Men's Vintage Tank,Google Men's Short Sleeve Performance Badge Tee Pewter,Google Men's Vintage Badge Tee Black,Google Men's Skater Tee Grey,Android Men's Skater Badge Tee Charcoal
SPF-15 Slim & Slender Lip Balm
Windup Android,Emoji Sticker Sheet,Google Men's Vintage Badge Tee Sage
BLM Sweatshirt
Windup Android,Maze Pen,Four Color Retractable Pen,Google Sunglasses,Google Kick Ball
Google 25 oz Blue Stainless Steel Bottle,Engraved Ceramic Google Mug
Google Laptop Backpack
Google Men's 100% Cotton Short Sleeve Hero Tee Red,Google Men's 100% Cotton Short Sleeve Hero Tee Navy,Leatherette Journal
Google Laptop and Cell Phone Stickers
Ballpoint LED Light Pen,Windup Android,Google 22 oz Water Bottle,Android Rise 14 oz Mug,Switch Tone Color Crayon Pen,Google Doodle Decal,Emoji Sticker Sheet,Google Vintage Henley Grey/Black,26 oz Double Wall Insulated Bottle,Colored Pencil Set,Foam Can and Bottle Cooler,Galaxy Screen Cleaning Cloth,Google Tri-blend Hoodie Grey,Android Hard Cover Journal
Android Lunch Kit
Windup Android,Google Metallic Notebook Set,Maze Pen,Android Rise 14 oz Mug
BLM Sweatshirt
YouTube Custom Decals,YouTube Men's Short Sleeve Hero Tee Black
Android Heavyweight Long Sleeve Badge Tee Black
Google Men's Vintage Badge Tee White,Google Men's Short Sleeve Performance Badge Tee Charcoal,Google Men's Vintage Badge Tee Black
Google Twill Cap,YouTube Men's Short Sleeve Hero Tee Black,Google Men's Short Sleeve Hero Tee Charcoal,YouTube Twill Cap,YouTube Notebook and Pen Set
Google Women's Short Sleeve Hero Tee Sky Blue,Google Women's Fleece Hoodie
Google Men's 100% Cotton Short Sleeve Hero Tee Black,Google Men's Watershed Full Zip Hoodie Grey
Google Women's Short Sleeve Hero Tee White,Google Men's Vintage Badge Tee White,Google Men's Vintage Tank,Google Men's 100% Cotton Short Sleeve Hero Tee White
Google Men's Vintage Badge Tee Black
BLM Sweatshirt
Sport Bag
Google Blackout Cap
Waze Mood Original Window Decal,Maze Pen,Keyboard DOT Sticker,Badge Holder,Switch Tone Color Crayon Pen,Google Kick Ball,Colored Pencil Set,Foam Can and Bottle Cooler,Galaxy Screen Cleaning Cloth,Rainbow Stylus Pen,Google Men's Skater Tee Grey,Android Men's Long Sleeve Badge Crew Tee Heather
Windup Android
Google Baby Essentials Set
YouTube Custom Decals
Google Men's 100% Cotton Short Sleeve Hero Tee Navy,Android Women's Long Sleeve Blended Cardigan Grey,Google Men's  Zip Hoodie,Google Men's Long Sleeve Raglan Ocean Blue
YouTube Women's Short Sleeve Hero Tee Charcoal,22 oz YouTube Bottle Infuser,YouTube Men's Short Sleeve Hero Tee Charcoal,YouTube Twill Cap
Google Youth Girl Tee Green
Google Spiral Journal with Pen,Red Spiral Google Notebook
BLM Sweatshirt
Google Tee Blue
Colored Pencil Set,Pen Pencil & Highlighter Set
Google Men's Airflow 1/4 Zip Pullover Lapis
26 oz Double Wall Insulated Bottle
26 oz Double Wall Insulated Bottle,20 oz Stainless Steel Insulated Tumbler
BLM Sweatshirt
20 oz Stainless Steel Insulated Tumbler
Google Laptop and Cell Phone Stickers,Google Doodle Decal,Women's Performance Full Zip Jacket Black,Google Luggage Tag
Keyboard DOT Sticker,Badge Holder,Google Luggage Tag,Foam Can and Bottle Cooler,SPF-15 Slim & Slender Lip Balm
Waze Mobile Phone Vent Mount,Google Men's Short Sleeve Performance Badge Tee Pewter
Google Women's Short Sleeve Hero Tee Heather,YouTube Custom Decals
Google Emoji Sticker Pack,Four Color Retractable Pen
Recycled Paper Journal Set,Sport Bag,Google Kick Ball,Google Men's Short Sleeve Performance Badge Tee Pewter,22 oz Android Bottle,Pen Pencil & Highlighter Set
Women's Performance Full Zip Jacket Black,Android Women's Fleece Hoodie
Google Toddler Hoodie Royal Blue
Google Rucksack,Sport Bag
Four Color Retractable Pen,Collapsible Shopping Bag,Google 25 oz Red Stainless Steel Bottle,Leatherette Journal
25L Classic Rucksack
YouTube Women's Favorite Tee White,YouTube Tee Black,YouTube Custom Decals
Google Women's Scoop Neck Tee White,Google Women's Vintage Hero Tee Platinum,Google Men's Vintage Badge Tee Sage
YouTube Men's Short Sleeve Hero Tee Black
Google Women's Tee Grey,Google Men's 100% Cotton Short Sleeve Hero Tee Black,Google Women's Scoop Neck Tee Black,Android Men's Take Charge Short Sleeve Tee Purple,Google Women's Vintage Hero Tee Black,Google Toddler Short Sleeve Tee White
Google Women's Performance Golf Polo Blue,Google Men's Long & Lean Tee Charcoal,Google Men's Performance 1/4 Zip Pullover Heather/Black,Google Women's Short Sleeve Hero Tee Grey,Google Women's Long Sleeve Tee Lavender,Leatherette Journal,Google Slim Utility Travel Bag,Google Women's Convertible Vest-Jacket Black
Google Men's Short Sleeve Hero Tee Heather
Google Women's Short Sleeve Hero Tee Heather,Google Women's Short Sleeve Performance Tee Black
Suitcase Organizer Cubes,Android 5-Panel Low Cap,Yoga Mat Blue,Google Trucker Hat,Google 5-Panel Snapback Cap,Google Leather Journal-Black,Yoga Block,Google Leather Journal-Brown,Yoga Mat Purple,Insulated Bottle,Large Zipper Top Tote Bag,Google Collapsible Duffel Blue,Straw Beach Mat
Google Laptop and Cell Phone Stickers,Recycled Paper Journal Set
Google Spiral Journal with Pen,Google Luggage Tag,Leatherette Journal,Android Spiral Journal with Pen
Google Men's Airflow 1/4 Zip Pullover Lapis
Google Women's Vintage Hero Tee Platinum,Foam Can and Bottle Cooler,Google Women's Vintage Hero Tee Black
Google Onesie Royal Blue
Google Large Standard Journal Navy,Android BTTF Cosmos Graphic Tee,Google Men's Airflow 1/4 Zip Pullover Lapis,Google Women's Shell Jacket Blue/Black,Android Men's Vintage Tank
Google Men's Long & Lean Tee Charcoal,Google Men's Vintage Badge Tee White,Google Women's Short Sleeve Hero Tee Grey,Google Men's Vintage Badge Tee Sage
YouTube Custom Decals,YouTube Leatherette Notebook Combo,24 oz YouTube Sergeant Stripe Bottle
Google Sunglasses,22 oz YouTube Bottle Infuser
22 oz YouTube Bottle Infuser,YouTube Men's Short Sleeve Hero Tee Charcoal,24 oz YouTube Sergeant Stripe Bottle
Google Men's Bayside Graphic Tee,Google Men's Vintage Badge Tee Sage,Android Men's Paradise Short Sleeve Tee Olive
Google Men's 100% Cotton Short Sleeve Hero Tee Navy,Google Men's Short Sleeve Hero Tee Light Blue
Google Men's  Zip Hoodie
Google Men's Airflow 1/4 Zip Pullover Lapis,Google Women's 1/4 Zip Performance Pullover Two-Tone Blue
Google Twill Cap
23 oz Wide Mouth Sport Bottle,Google Men's Airflow 1/4 Zip Pullover Lapis,Android Rise 14 oz Mug,Google Men's Performance 1/4 Zip Pullover Heather/Black,Waterproof Backpack,Google Women's Lightweight Microfleece Jacket,Google Toddler Short Sleeve Tee Red,Red Shine 15 oz Mug,Google Men's Short Sleeve Performance Badge Tee Black,Google Lunch Bag,26 oz Double Wall Insulated Bottle,1 oz Hand Sanitizer,Google 25 oz Red Stainless Steel Bottle,Android Hard Cover Journal
Google Men's 100% Cotton Short Sleeve Hero Tee Black
Google Laptop and Cell Phone Stickers,Four Color Retractable Pen
Red Shine 15 oz Mug
YouTube Custom Decals,YouTube Trucker Hat
BLM Sweatshirt
Android Men's  Zip Hoodie,Google Men's  Zip Hoodie
Maze Pen
Google Tee Green,Google Women's Tee Grey
Google Sunglasses
Women's Performance Full Zip Jacket Black
Google Women's Short Sleeve Badge Tee Grey,Sport Bag,Google Women's Short Sleeve Hero Tee Black
Windup Android,Google Men's Short Sleeve Performance Badge Tee Navy
YouTube Twill Cap
Google Infant Zip Hood Pink,YouTube Onesie Heather
YouTube Custom Decals,Google Men's Watershed Full Zip Hoodie Grey
Google Women's Short Sleeve Badge Tee Grey,Google Men's Vintage Badge Tee White,Google Women's Short Sleeve Badge Tee Navy,Google Women's Vintage Hero Tee Platinum,Google Men's Vintage Badge Tee Sage,Google Men's Vintage Badge Tee Black,Google Women's Vintage Hero Tee Black,Google 5-Panel Snapback Cap
Collapsible Shopping Bag,Ballpoint Pen Blue,Google 25 oz Red Stainless Steel Bottle,Leatherette Journal
Ballpoint LED Light Pen,Google Laptop and Cell Phone Stickers,Google Tee Green,Google Men's 100% Cotton Short Sleeve Hero Tee Black
Waze Mobile Phone Vent Mount
Android Rise 14 oz Mug
Google Metallic Notebook Set
Google 17oz Stainless Steel Sport Bottle,Google Baby Essentials Set
Google Spiral Journal with Pen,26 oz Double Wall Insulated Bottle
YouTube Men's Short Sleeve Hero Tee Black
Gift Card- $100.00
Four Color Retractable Pen,Collapsible Shopping Bag,Google Blackout Cap,Switch Tone Color Crayon Pen,Google Women's Vintage Hero Tee Platinum,Google Tote Bag,Google Canvas Tote Natural/Navy,Android RFID Journal
Badge Holder,Red Shine 15 oz Mug,Google Men's Vintage Badge Tee Sage,Colored Pencil Set,Foam Can and Bottle Cooler,Google Hard Cover Journal,Leatherette Journal,Android Stretch Fit Hat M/L,Gunmetal Roller Ball Pen
BLM Sweatshirt
Google Twill Cap,Google Men's 100% Cotton Short Sleeve Hero Tee Black,Google Men's 100% Cotton Short Sleeve Hero Tee Red,Google Men's Vintage Badge Tee Black
Google 22 oz Water Bottle,Recycled Paper Journal Set,Maze Pen,1 oz Hand Sanitizer,Ballpoint Pen Blue
Foam Can and Bottle Cooler
Google Women's 1/4 Zip Jacket Charcoal
Android Onesie Gold
Google Sunglasses,Google Tote Bag,20 oz Stainless Steel Insulated Tumbler,YouTube Notebook and Pen Set
Google Trike Tee Black,Google Women's Tee Grey,Sport Bag,Google Men's Quilted Insulated Vest Black
Google Women's Short Sleeve Hero Tee Red Heather,Foam Can and Bottle Cooler,Google Infant Zip Hood Pink
Google Laptop and Cell Phone Stickers,Maze Pen,Google Kick Ball
Google Women's Tee Grey,Google Women's Long Sleeve Tee Lavender
Google 17oz Stainless Steel Sport Bottle,Foam Can and Bottle Cooler,Google 25 oz Red Stainless Steel Bottle
Google Laptop and Cell Phone Stickers,Google Tee Yellow
Google 22 oz Water Bottle
Android Men's Outerstellar Short Sleeve Tee Black,Android Men's Take Charge Short Sleeve Tee Purple,Android Men's Pep Rally Short Sleeve Tee Navy,Android Men's Paradise Short Sleeve Tee Olive
Google Laptop and Cell Phone Stickers,Google Men's 100% Cotton Short Sleeve Hero Tee Black,Google Men's Airflow 1/4 Zip Pullover Lapis,Red Shine 15 oz Mug,Google Men's 100% Cotton Short Sleeve Hero Tee White
Google Women's Short Sleeve Hero Tee Heather
Women's Performance Full Zip Jacket Black
Google Men's Bike Short Sleeve Tee Charcoal
Google Men's Vintage Badge Tee Black
Google Women's Convertible Vest-Jacket Sea Foam Green,Android Men's  Zip Hoodie
Google 17oz Stainless Steel Sport Bottle
Google Men's 100% Cotton Short Sleeve Hero Tee Black
Google Women's Scoop Neck Tee Black,Google Women's 1/4 Zip Jacket Charcoal
Google Women's Fleece Hoodie,Google Men's Pullover Hoodie Grey
Recycled Paper Journal Set
Sport Bag,Rubber Grip Ballpoint Pen 4 Pack,Google 17oz Stainless Steel Sport Bottle,Google Kick Ball,Leatherette Journal
Google Tri-blend Hoodie Grey
Crunch Noise Dog Toy,SPF-15 Slim & Slender Lip Balm,YouTube Youth Short Sleeve Tee Red
Google Men's 100% Cotton Short Sleeve Hero Tee Navy
Windup Android
Engraved Ceramic Google Mug
Google Sunglasses
Google Men's 100% Cotton Short Sleeve Hero Tee Red
Google Women's Performance Golf Polo Blue,Google Men's Quilted Insulated Vest Battleship Grey,Google Men's Vintage Badge Tee Sage,Android Men's Pep Rally Short Sleeve Tee Navy
Google Laptop and Cell Phone Stickers,Google Twill Cap,YouTube Custom Decals,Keyboard DOT Sticker,Google Doodle Decal,Google Men's Short Sleeve Badge Tee Charcoal
Women's Weatherblock Shell Jacket Black
Google 22 oz Water Bottle,Rubber Grip Ballpoint Pen 4 Pack,Google Men's Watershed Full Zip Hoodie Grey,Android Men's Engineer Short Sleeve Tee Charcoal
Google Twill Cap
Waze Mobile Phone Vent Mount
Google Men's 100% Cotton Short Sleeve Hero Tee Black,Google Men's Vintage Badge Tee Black
YouTube Women's Short Sleeve Tri-blend Badge Tee Charcoal,Crunch Noise Dog Toy,YouTube Youth Short Sleeve Tee Red,YouTube Hard Cover Journal,YouTube Onesie Heather,YouTube Infant Short Sleeve Tee Red
Google Twill Cap
Google 22 oz Water Bottle
Waze Dress Socks,1 oz Hand Sanitizer
Google Blackout Cap,Android Men's Pep Rally Short Sleeve Tee Navy,Android RFID Journal
Google Laptop and Cell Phone Stickers,Google Collapsible Pet Bowl
Google 22 oz Water Bottle,Google Women's Tee Grey,Google Women's Convertible Vest-Jacket Sea Foam Green,Google Men's Airflow 1/4 Zip Pullover Lapis,Google Women's Short Sleeve Performance Tee Pewter,Google Women's Short Sleeve Hero Tee Grey,Google Men's Microfiber 1/4 Zip Pullover Blue/Indigo,Google 17oz Stainless Steel Sport Bottle,Men's Weatherblock Shell Jacket Black,Google Women's 1/4 Zip Performance Pullover Black,Google Men's Vintage Badge Tee Sage
Google 22 oz Water Bottle,Red Spiral Google Notebook
Windup Android,Google Laptop and Cell Phone Stickers,Google Twill Cap,Waze Mobile Phone Vent Mount,Waze Mood Ninja Window Decal,Sport Bag,Google Sunglasses,Google Kick Ball,Foam Can and Bottle Cooler,Leatherette Journal,SPF-15 Slim & Slender Lip Balm
Google Laptop and Cell Phone Stickers
Keyboard DOT Sticker,Google 25 oz Red Stainless Steel Bottle,Google Executive Umbrella,Google Onesie Red,Google 40 oz Insulated Monster Bottle
Google Snapback Hat Black
Android Rise 14 oz Mug
Android Men's Pep Rally Short Sleeve Tee Navy
Ballpoint LED Light Pen,Google Laptop and Cell Phone Stickers,8 pc Android Sticker Sheet
Rubber Grip Ballpoint Pen 4 Pack,Foam Can and Bottle Cooler,Spiral Notebook and Pen Set
Android BTTF Cosmos Graphic Tee
YouTube Women's Fleece Hoodie Black
Google Women's Short Sleeve Badge Tee Grey,Google 22 oz Water Bottle,Google Women's Tee Grey,Google Women's Scoop Neck Tee Black,Google Men's Vintage Badge Tee White,Switch Tone Color Crayon Pen,Google Women's Short Sleeve Hero Tee Grey,Google Men's Short Sleeve Hero Tee Charcoal
Google Women's Short Sleeve Hero Tee White,Google Women's Short Sleeve Hero Tee Black
Google Tee Blue
Google Twill Cap,Google Blackout Cap,YouTube Twill Cap
Windup Android,Google 22 oz Water Bottle,Maze Pen,Google Kick Ball,Google Collapsible Pet Bowl,Android Journal Book Set
Waterproof Backpack
YouTube Men's Vintage Henley,Google Men's Vintage Badge Tee Black,YouTube Men's Fleece Hoodie Black,Crunch Noise Dog Toy,Google Women's Vintage Hero Tee Black,YouTube Twill Cap
YouTube Men's Short Sleeve Hero Tee Black
Google Twill Cap
Google Women's Short Sleeve Badge Tee Navy,Google Women's Short Sleeve Hero Tee Grey,Google Women's Vintage Hero Tee Platinum,Google Men's Vintage Badge Tee Sage,Google Toddler Short Sleeve T-shirt Grey
Google Women's Scoop Neck Tee White,Google Men's Vintage Badge Tee White
Android BTTF Moonshot Graphic Tee,Google Men's Short Sleeve Performance Badge Tee Black
Compact Selfie Stick
Waze Mobile Phone Vent Mount,Google Metallic Notebook Set,Google Rucksack
YouTube Men's Long & Lean Tee Charcoal,Google Women's 1/4 Zip Performance Pullover Two-Tone Blue,YouTube Youth Short Sleeve Tee Red
Google Alpine Style Backpack
YouTube Custom Decals,YouTube Women's Short Sleeve Tri-blend Badge Tee Charcoal,YouTube Women's Fleece Hoodie Black
Google Women's Short Sleeve Badge Tee Grey,Google Women's Short Sleeve Hero Tee Heather,Google Twill Cap,Four Color Retractable Pen,Google Men's 100% Cotton Short Sleeve Hero Tee Black,Google Men's Airflow 1/4 Zip Pullover Lapis,Google Women's Short Sleeve Hero Tee Grey,Google Men's Short Sleeve Badge Tee Charcoal,YouTube Men's Long & Lean Tee Charcoal,YouTube Men's Short Sleeve Hero Tee  White
Google 22 oz Water Bottle,Android Men's Pep Rally Short Sleeve Tee Navy,Google Men's Around The Block Short Sleeve Tee Ash
Google Men's Performance 1/4 Zip Pullover Heather/Black,Android Men's Vintage Henley,Google Men's Vintage Badge Tee Sage,Google Leather Perforated Journal,Google Men's Skater Tee Grey
Google Laptop and Cell Phone Stickers
Google 17oz Stainless Steel Sport Bottle
Google Men's 100% Cotton Short Sleeve Hero Tee Black
Google Laptop and Cell Phone Stickers,Google Sunglasses,Google Kick Ball
Google Youth Short Sleeve T-shirt Royal Blue,Google Youth Short Sleeve T-shirt Green
Google Women's Short Sleeve Hero Tee White,Google Women's Tee Grey,Google Women's Long Sleeve Tee Lavender,Google Men's 100% Cotton Short Sleeve Hero Tee White,Google Men's Bike Short Sleeve Tee Charcoal,YouTube Men's Short Sleeve Hero Tee Charcoal,Google Women's Vintage Hero Tee White,24 oz YouTube Sergeant Stripe Bottle,Google 25 oz Clear Stainless Steel Bottle
Google Women's Tee Grey,YouTube Custom Decals
Google Baby Essentials Set
Google Rolltop Backpack Blue
Google Onesie Green
Gift Card - $25.00
Android Matrix Tee White,YouTube Tee Black
YouTube Men's Vintage Henley,YouTube Men's Long & Lean Tee Charcoal,22 oz YouTube Bottle Infuser,SPF-15 Slim & Slender Lip Balm
Google Men's Short Sleeve Performance Badge Tee Pewter,Google Men's Short Sleeve Performance Badge Tee Navy
Google Stylus Pen w/ LED Light,Google 22 oz Water Bottle,Google Alpine Style Backpack,Google Twill Cap,Google Metallic Notebook Set,Sport Bag,Google Women's Scoop Neck Tee White,Collapsible Shopping Bag,Waterproof Backpack,Google Men's Vintage Badge Tee White,Google Pet Feeding Mat,Google Blackout Cap,Google Women's Short Sleeve Hero Tee Grey,Google Men's Vintage Tank,Google Lunch Bag,Google Men's Vintage Badge Tee Sage,Colored Pencil Set,1 oz Hand Sanitizer
Google Men's 100% Cotton Short Sleeve Hero Tee Black
Red Shine 15 oz Mug,YouTube Leatherette Notebook Combo
Android Onesie Gold
Google Women's Short Sleeve Hero Tee Heather
Waze Mobile Phone Vent Mount,Waze Mood Original Window Decal,Recycled Paper Journal Set,Rubber Grip Ballpoint Pen 4 Pack,Ballpoint Pen Blue,Ballpoint Stick Pen 4 Pack
Google Men's Pullover Hoodie Grey
Google Men's 100% Cotton Short Sleeve Hero Tee Red,Google Tri-blend Hoodie Grey
YouTube Women's Short Sleeve Tri-blend Badge Tee Charcoal,Google Women's Short Sleeve Badge Tee Navy,Google Youth Short Sleeve T-shirt Yellow,Google Men's Performance Hero Tee Gunmetal
Gift Card - $25.00
Google Laptop and Cell Phone Stickers,YouTube Custom Decals
Google Toddler Short Sleeve T-shirt Grey,Google Youth Short Sleeve T-shirt Yellow,Google Youth Girl Tee Green,Google Youth Short Sleeve T-shirt Royal Blue,Google Onesie Red
Windup Android,Google 22 oz Water Bottle,Google Sunglasses,Google Women's Short Sleeve Hero Tee Grey,Google Women's Vintage Hero Tee Lavender
BLM Sweatshirt
Google Twill Cap
Ballpoint LED Light Pen,Google 22 oz Water Bottle,Recycled Paper Journal Set,Maze Pen,Four Color Retractable Pen,Foam Can and Bottle Cooler,Galaxy Screen Cleaning Cloth,1 oz Hand Sanitizer,22 oz Android Bottle
Google Canvas Tote Natural/Navy
Google Sunglasses,Google Luggage Tag
Google Crewneck Sweatshirt Navy,Google Crew Sweater Navy
Google Men's  Zip Hoodie
BLM Sweatshirt
Google Crew Sweater Navy
Google Laptop and Cell Phone Stickers,Google Men's 100% Cotton Short Sleeve Hero Tee Black
Google Tri-blend Hoodie Grey
YouTube Men's Fleece Hoodie Black
Google Women's Short Sleeve Badge Tee Grey,Ballpoint LED Light Pen,Google Women's Performance Golf Polo Blue,Four Color Retractable Pen
BLM Sweatshirt
YouTube Custom Decals,YouTube Leatherette Notebook Combo,YouTube Luggage Tag
Google Men's Short Sleeve Hero Tee Charcoal,Google Men's Short Sleeve Hero Tee Heather
Google 17oz Stainless Steel Sport Bottle
Google Leather Perforated Journal,Android Wool Heather Cap Heather/Black
Android Women's Fleece Hoodie
Four Color Retractable Pen
BLM Sweatshirt
BLM Sweatshirt
YouTube Tee Black,YouTube Custom Decals
Google Twill Cap,YouTube Custom Decals,YouTube Men's Short Sleeve Hero Tee Black,Red Shine 15 oz Mug,22 oz YouTube Bottle Infuser,YouTube Leatherette Notebook Combo
Android Rise 14 oz Mug,Google Men's Vintage Badge Tee Black,Google Men's Bike Short Sleeve Tee Charcoal,Android 24 oz Contigo Bottle
Google Laptop and Cell Phone Stickers,Recycled Paper Journal Set,Sport Bag
Google Men's Vintage Badge Tee White,Google Youth Short Sleeve Tee White
Google Men's Vintage Badge Tee White,Google Women's Short Sleeve Hero Tee Grey,Google Men's Vintage Badge Tee Sage
Google Women's Quilted Insulated Vest Black
Google Men's 100% Cotton Short Sleeve Hero Tee White
Android Onesie Gold
Google Men's Short Sleeve Performance Badge Tee Charcoal,Google Men's Vintage Badge Tee Black,Google Men's  Zip Hoodie,Google Men's Short Sleeve Performance Badge Tee Navy
Collapsible Shopping Bag,Ballpoint Stylus Pen
Google 22 oz Water Bottle,Recycled Paper Journal Set
Google Women's Fleece Hoodie,Google Men's Vintage Badge Tee Sage,Google Men's Pullover Hoodie Grey
Google Men's 100% Cotton Short Sleeve Hero Tee Black
Google Women's Short Sleeve Hero Tee White,Google Women's Short Sleeve Hero Tee Heather,Google Men's 100% Cotton Short Sleeve Hero Tee White
Google Leather Perforated Journal,Satin Black Ballpoint Pen,Metal Texture Roller Pen
Google Alpine Style Backpack
Google Women's Scoop Neck Tee Black
Google Laptop and Cell Phone Stickers,Keyboard DOT Sticker,Google Doodle Decal,Google Canvas Tote Natural/Navy
Google Men's 100% Cotton Short Sleeve Hero Tee Red,Collapsible Shopping Bag
Google Men's 100% Cotton Short Sleeve Hero Tee Red
Google 22 oz Water Bottle,Four Color Retractable Pen,1 oz Hand Sanitizer
Recycled Paper Journal Set
Keyboard DOT Sticker,Android Infant Short Sleeve Tee Pewter,Android Onesie Gold,Google Infant Short Sleeve Tee Royal Blue
Google Women's Short Sleeve Hero Tee White
Google Tee Green,Google Tee Yellow
Google Laptop and Cell Phone Stickers
Google Metallic Notebook Set
Google Laptop and Cell Phone Stickers,YouTube Custom Decals,26 oz Double Wall Insulated Bottle
YouTube Custom Decals,Google Sunglasses,Google Youth Baseball Raglan Heather/Black,YouTube Women's Fleece Hoodie Black,1 oz Hand Sanitizer,YouTube Men's Fleece Hoodie Black,YouTube Men's Short Sleeve Hero Tee Charcoal,SPF-15 Slim & Slender Lip Balm,YouTube Youth Short Sleeve Tee Red,Google Youth Girl Hoodie,YouTube Spiral Journal with Pen
Keyboard DOT Sticker,Google Luggage Tag
Android Men's  Zip Hoodie
Android BTTF Cosmos Graphic Tee,Google Men's Short Sleeve Performance Badge Tee Black
Google 22 oz Water Bottle,YouTube Women's Fleece Hoodie Black,Rainbow Stylus Pen,YouTube Women's Short Sleeve Tri-blend Badge Tee Grey,Google Ballpoint Pen Black,Color Changing Grip Pen,Ballpoint Stick Pen 4 Pack,Gel Roller Pen
Google Men's 100% Cotton Short Sleeve Hero Tee White
Google Baby Essentials Set
Red Shine 15 oz Mug
Men's Weatherblock Shell Jacket Black
22 oz YouTube Bottle Infuser,YouTube Twill Cap,YouTube Hard Cover Journal,YouTube RFID Journal,24 oz YouTube Sergeant Stripe Bottle,YouTube Wool Heather Cap Heather/Black,YouTube Trucker Hat
Google Men's 100% Cotton Short Sleeve Hero Tee White,Google Men's Vintage Badge Tee Black
Google Men's Vintage Badge Tee Black
Google Men's 100% Cotton Short Sleeve Hero Tee Navy,Google Men's Short Sleeve Badge Tee Charcoal,YouTube Men's Short Sleeve Hero Tee White
Google Men's Bayside Graphic Tee
Windup Android,Maze Pen,Rubber Grip Ballpoint Pen 4 Pack,Crunch Noise Dog Toy,Android 24 oz Contigo Bottle
BLM Sweatshirt
Google Men's Vintage Tank,26 oz Double Wall Insulated Bottle
Google Women's Short Sleeve Hero Tee Heather
Google Men's Performance 1/4 Zip Pullover Heather/Black,Google Men's Quilted Insulated Vest Black,Men's Softshell Jacket Black/Grey
Google Twill Cap,25L Classic Rucksack,Collapsible Shopping Bag,Google Women's Lightweight Microfleece Jacket,Red Shine 15 oz Mug,Google Men's Watershed Full Zip Hoodie Grey,Google Men's Vintage Badge Tee Black,Google Women's Short Sleeve Hero Tee Red Heather,Google Men's  Zip Hoodie,Google Laptop Backpack,Google Women's Vintage Hero Tee White
Google Rucksack,Sport Bag,Google Men's Vintage Badge Tee White,Google Men's 100% Cotton Short Sleeve Hero Tee White,Google Men's Vintage Badge Tee Black,Google Women's Vintage Hero Tee Lavender,Bottle Opener Clip
Maze Pen,Google Men's Long & Lean Tee Charcoal,Google Men's Vintage Badge Tee White,Google Blackout Cap,YouTube Men's Long & Lean Tee Charcoal,Google Men's Short Sleeve Performance Badge Tee Pewter,Google Men's Vintage Badge Tee Sage,Foam Can and Bottle Cooler,Android Men's Short Sleeve Hero Tee Heather,Android Men's Take Charge Short Sleeve Tee Purple,Android Men's Pep Rally Short Sleeve Tee Navy,SPF-15 Slim & Slender Lip Balm,Android Lunch Kit,Android 17oz Stainless Steel Sport Bottle
Google Laptop and Cell Phone Stickers,Google Women's Tee Grey,Google Womens 3/4 Sleeve Baseball Raglan Heather/Black
Windup Android,Google 22 oz Water Bottle,Waze Mobile Phone Vent Mount,Four Color Retractable Pen,Google 40 oz Insulated Monster Bottle
Google Baby Essentials Set
Google Stylus Pen w/ LED Light,Google Laptop and Cell Phone Stickers,Google Metallic Notebook Set,YouTube Custom Decals,Keyboard DOT Sticker,Google Doodle Decal,Galaxy Screen Cleaning Cloth
Google Onesie Green,Google Onesie Red,Google Onesie Royal Blue
20 oz Stainless Steel Insulated Tumbler
YouTube Custom Decals
Gift Card - $50.00
Google Men's Bayside Graphic Tee,Google Women's Scoop Neck Tee Black,Google Youth Short Sleeve Tee Red,Android BTTF Cosmos Graphic Tee,YouTube Women's Short Sleeve Tri-blend Badge Tee Charcoal,Google Doodle Decal,Google Women's Long Sleeve Tee Lavender,Google Men's Short Sleeve Performance Badge Tee Pewter,Google Men's Vintage Badge Tee Sage,Google Men's Short Sleeve Performance Badge Tee Charcoal,Android Onesie Gold,Android Men's Short Sleeve Hero Tee Heather,Android Men's Engineer Short Sleeve Tee Charcoal,Android Men's Pep Rally Short Sleeve Tee Navy,YouTube Men's Skater Tee Charcoal
Google Metallic Notebook Set,Google Men's 100% Cotton Short Sleeve Hero Tee Navy,Badge Holder,Google Men's 100% Cotton Short Sleeve Hero Tee White,Google Men's Short Sleeve Hero Tee Heather,Ballpoint Pen & Matching Tube Case
Google 22 oz Water Bottle,Google Men's 100% Cotton Short Sleeve Hero Tee Black,Google Men's Short Sleeve Hero Tee Charcoal
Android Sticker Sheet Ultra Removable,Sport Bag,Google Spiral Journal with Pen,22 oz Android Bottle,Red Spiral Google Notebook,YouTube Notebook and Pen Set,Google Collapsible Duffel Blue
Google Women's Short Sleeve Badge Tee Grey,Google Laptop and Cell Phone Stickers,Google Women's Scoop Neck Tee White,Google Blackout Cap,Google Men's Vintage Badge Tee Sage,1 oz Hand Sanitizer
Google Laptop and Cell Phone Stickers,Keyboard DOT Sticker,Ballpoint Pen Blue
Google Stylus Pen w/ LED Light,Windup Android,Sport Bag,7&quot; Dog Frisbee,Red Shine 15 oz Mug,Foam Can and Bottle Cooler,Bottle Opener Clip
Google Metallic Notebook Set,Google Large Standard Journal Navy,Google Youth Baseball Raglan Heather/Black
Google Laptop and Cell Phone Stickers,Google Metallic Notebook Set,Google Women's Long Sleeve Tee Lavender,Google Men's Vintage Badge Tee Black,Reusable Shopping Bag,Engraved Ceramic Google Mug
Google Men's Vintage Badge Tee Black,Google Women's Vintage Hero Tee Black
Android Men's Vintage Tank,Yoga Mat Blue
Sport Bag,Google Women's Convertible Vest-Jacket Sea Foam Green,Google Collapsible Pet Bowl
Android Men's Pep Rally Short Sleeve Tee Navy
Ballpoint LED Light Pen,Windup Android,Google Laptop and Cell Phone Stickers,Recycled Paper Journal Set,Maze Pen,Four Color Retractable Pen,YouTube Custom Decals,Sport Bag,Google Sunglasses,Android Rise 14 oz Mug,Switch Tone Color Crayon Pen,Google Men's Short Sleeve Hero Tee Charcoal,Google Kick Ball,Google Men's 100% Cotton Short Sleeve Hero Tee White,Colored Pencil Set,Ballpoint Pen Blue,YouTube Men's Short Sleeve Hero Tee Charcoal,Google Ballpoint Pen Black
YouTube Men's Fleece Hoodie Black,YouTube Men's Short Sleeve Hero Tee Charcoal
Google Spiral Journal with Pen,Red Shine 15 oz Mug
Google Women's Quilted Insulated Vest White,Google Women's Yoga Jacket Black
Google Women's Short Sleeve Hero Tee Heather,Google Men's Skater Tee Grey,Google Baby Essentials Set,Google Men's Short Sleeve Hero Tee Light Blue
Waze Mobile Phone Vent Mount
Android Onesie Gold
Android Men's Engineer Short Sleeve Tee Charcoal
Google Baby Essentials Set
Google Onesie Red/Graphite,Android Toddler Short Sleeve T-shirt Pink,Google Toddler Short Sleeve T-shirt Yellow
Google Men's Vintage Tank,Android Men's Vintage Tank
Google Men's 100% Cotton Short Sleeve Hero Tee Navy,Google Trucker Hat,Google Men's Long Sleeve Pullover Badge Tee Heather
Google Trike Tee Black
Google Leather Perforated Journal
Android BTTF Cosmos Graphic Tee
Google Laptop and Cell Phone Stickers,Waze Baby on Board Window Decal,YouTube Custom Decals,Google Sunglasses,YouTube Women's Short Sleeve Hero Tee Charcoal,YouTube Men's Fleece Hoodie Black,YouTube Trucker Hat
Maze Pen
Google Crew Sweater Navy
BLM Sweatshirt
Google Metallic Notebook Set,26 oz Double Wall Insulated Bottle,Seat Pack Organizer
Bottle Opener Clip,Google Men's Short Sleeve Hero Tee Light Blue
Ballpoint LED Light Pen,Google 22 oz Water Bottle,Maze Pen,Four Color Retractable Pen,Sport Bag,Collapsible Shopping Bag,Badge Holder,Google Women's Yoga Jacket Black,Google Kick Ball,Google 25 oz Red Stainless Steel Bottle
7&quot; Dog Frisbee
Google 17oz Stainless Steel Sport Bottle,Android 17oz Stainless Steel Sport Bottle
Google Blackout Cap
Google Tee Blue
Waze Pack of 9 Decal Set,Google Luggage Tag
Google Crewneck Sweatshirt Navy
Google Men's Vintage Badge Tee Black
Google Men's Short Sleeve Hero Tee Heather
Android Rise 14 oz Mug,Google Men's 100% Cotton Short Sleeve Hero Tee Navy,Android Men's Vintage Henley,Men's Softshell Jacket Black/Grey,Google Men's Lightweight Microfleece Jacket Black,Red Shine 15 oz Mug,Google Men's 100% Cotton Short Sleeve Hero Tee White,Android Men's Pep Rally Short Sleeve Tee Navy
Google Sunglasses
Waze Mood Ninja Window Decal,Google Women's Short Sleeve Badge Tee Navy,Android Men's Vintage Tank
Google Men's Short Sleeve Badge Tee Charcoal,Red Shine 15 oz Mug
Google Women's Short Sleeve Badge Tee Navy,Google Men's Vintage Badge Tee Black
Google Men's Bike Short Sleeve Tee Charcoal
YouTube Custom Decals,YouTube Men's Vintage Henley,YouTube Leatherette Notebook Combo,YouTube Twill Cap,YouTube Luggage Tag
Google Men's Vintage Tank,Google Hard Cover Journal
Google Leather Journal-Brown
Badge Holder,Google Blackout Cap,Galaxy Screen Cleaning Cloth,Google Men's Short Sleeve Performance Badge Tee Navy,Electronics Accessory Pouch,20 oz Stainless Steel Insulated Tumbler
Google Hard Cover Journal,Ballpoint Pen & Matching Tube Case
Google Men's 100% Cotton Short Sleeve Hero Tee White,Google Men's Short Sleeve Hero Tee Light Blue
Google Men's Performance 1/4 Zip Pullover Heather/Black,Google Men's Vintage Badge Tee White,Google Men's Long & Lean Tee Grey
Google Women's Short Sleeve Badge Tee Grey,Android Matrix Tee White,YouTube Tee Black
YouTube Custom Decals,22 oz Android Bottle,24 oz YouTube Sergeant Stripe Bottle,YouTube Spiral Journal with Pen
Recycled Paper Journal Set,Google Sunglasses,Google Men's 100% Cotton Short Sleeve Hero Tee Navy,Badge Holder,Google Tote Bag
Gift Card - $25.00
Google 22 oz Water Bottle,Android Large Removable Sticker Sheet,Google Laptop and Cell Phone Stickers,Google Women's Short Sleeve Hero Tee Heather,YouTube Custom Decals,Sport Bag
Gift Card - $50.00
Google Men's Short Sleeve Badge Tee Charcoal,Google Men's  Zip Hoodie
Google Men's 100% Cotton Short Sleeve Hero Tee Black,Google Men's 100% Cotton Short Sleeve Hero Tee Navy,Google Men's Short Sleeve Badge Tee Charcoal,Google Men's Short Sleeve Performance Badge Tee Black,Google Women's Vintage Hero Tee Lavender,Google Men's Long Sleeve Raglan Ocean Blue
Google Twill Cap,26 oz Double Wall Insulated Bottle,Google Toddler Short Sleeve Tee White,Google Women's Vintage Hero Tee White
Google Women's Short Sleeve Badge Tee Grey,Google Women's Performance Hero Tee Gunmetal
Windup Android,YouTube Youth Short Sleeve Tee Red
Gift Card - $25.00
Suitcase Organizer Cubes
Google Men's 100% Cotton Short Sleeve Hero Tee Black,Android Men's Outerstellar Short Sleeve Tee Black,Google Men's Vintage Badge Tee White,Google Men's Short Sleeve Badge Tee Charcoal,Google Men's Vintage Badge Tee Black
Google Women's Short Sleeve Hero Tee White,Google Women's Short Sleeve Hero Tee Black
Windup Android,Android Rise 14 oz Mug,Google Men's Vintage Badge Tee Sage,Metal Texture Roller Pen
Collapsible Shopping Bag,Google Blackout Cap,Google Women's Vintage Hero Tee Lavender,Google Tote Bag
Google Twill Cap,Men's Weatherblock Shell Jacket Black
Google Women's Tee Grey,Four Color Retractable Pen,Keyboard DOT Sticker
Google Women's Vintage Hero Tee Black
Windup Android,Android Men's Take Charge Short Sleeve Tee Purple
Google 22 oz Water Bottle,Google Crew Sweater Navy,Maze Pen,Keyboard DOT Sticker
YouTube Twill Cap,YouTube Men's Short Sleeve Hero Tee White
Google 22 oz Water Bottle,Google Laptop and Cell Phone Stickers,Android BTTF Cosmos Graphic Tee,Google Men's 100% Cotton Short Sleeve Hero Tee Red,Google Men's Vintage Badge Tee Sage
Waze Mobile Phone Vent Mount,Waze Mood Original Window Decal,Google Women's Vintage Hero Tee Platinum
Google Sunglasses,Ballpoint Stylus Pen
Google Laptop and Cell Phone Stickers,8 pc Android Sticker Sheet,Rubber Grip Ballpoint Pen 4 Pack,Collapsible Shopping Bag,Bottle Opener Clip,Executive Twist Ballpoint Pen
Google Women's Short Sleeve Badge Tee Grey,Google Men's Vintage Badge Tee White,Google Men's Long & Lean Tee Grey
Google Men's Bike Short Sleeve Tee Charcoal
BLM Sweatshirt
Windup Android,Google Men's 100% Cotton Short Sleeve Hero Tee Black,Waterproof Backpack,Badge Holder,Google Men's 100% Cotton Short Sleeve Hero Tee White,Rainbow Stylus Pen,Google Laptop Backpack,Google Trucker Hat,Bottle Opener Clip
Google Sunglasses,Android Women's Long Sleeve Blended Cardigan Grey
Google 5-Panel Cap,Google Pet Feeding Mat,Seat Pack Organizer
Google Men's 100% Cotton Short Sleeve Hero Tee Black
Google Collapsible Pet Bowl,Google Men's Bike Short Sleeve Tee Charcoal
Windup Android
Google Twill Cap,Google Men's 100% Cotton Short Sleeve Hero Tee Black,Google Men's 100% Cotton Short Sleeve Hero Tee Navy,Google 17 oz Double Wall Stainless Steel Insulated Bottle
Google Tee Blue,Google Tee Green
Google Snapback Black Cap,Google Crew Sweater Navy,Android Tone Hoodie Black,Google Snapback Navy Cap
Google Men's  Zip Hoodie
Recycled Paper Journal Set,Google 17 oz Double Wall Stainless Steel Insulated Bottle,Reusable Shopping Bag
Android BTTF Moonshot Graphic Tee,Google Men's Vintage Badge Tee Black,Google Men's Short Sleeve Performance Badge Tee Navy,Ballpoint Pen & Matching Tube Case
Google Laptop and Cell Phone Stickers,8 pc Android Sticker Sheet,Maze Pen
Google 22 oz Water Bottle,Google Women's Tee Grey,Google Women's Scoop Neck Tee White,Google Women's Short Sleeve Performance Tee Pewter,YouTube Men's Long & Lean Tee Charcoal,Google Women's Long Sleeve Blended Cardigan Charcoal,Google Men's Vintage Badge Tee Sage,Google Men's Skater Tee Grey
Google Men's Bike Short Sleeve Tee Charcoal
Google Men's 100% Cotton Short Sleeve Hero Tee Black,Google Men's Pullover Hoodie Grey,Google Youth Girl Hoodie
Google Spiral Journal with Pen,Android BTTF Moonshot Graphic Tee,Red Shine 15 oz Mug,Google Vintage Henley Grey/Black,Android Men's Take Charge Short Sleeve Tee Purple
Android Men's  Zip Hoodie
BLM Sweatshirt
Four Color Retractable Pen
Google Laptop and Cell Phone Stickers,YouTube Custom Decals,Sport Bag
Google Women's Fleece Hoodie
Google Rucksack
Google Men's Bike Short Sleeve Tee Charcoal,Google Men's Short Sleeve Hero Tee Light Blue
Waze Mood Ninja Window Decal
Maze Pen
Google Men's 100% Cotton Short Sleeve Hero Tee Navy
8 pc Android Sticker Sheet,Google Sunglasses,Google Women's Scoop Neck Tee White,Rubber Grip Ballpoint Pen 4 Pack,Badge Holder,Switch Tone Color Crayon Pen,Google Women's Short Sleeve Hero Tee Red Heather
Google Men's 100% Cotton Short Sleeve Hero Tee White
Google Women's Short Sleeve Hero Tee White,Google Women's Short Sleeve Badge Tee Grey,Google Women's Short Sleeve Hero Tee Heather,Google Tee Green
Android BTTF Cosmos Graphic Tee,Android Rise 14 oz Mug,Red Shine 15 oz Mug,Google Men's Vintage Badge Tee Sage
Google Twill Cap
Google Rucksack,Google Men's Long & Lean Tee Charcoal,Google RFID Journal,Google Men's Short Sleeve Hero Tee Charcoal,Android RFID Journal,Android Men's Long Sleeve Badge Crew Tee Heather
YouTube Hard Cover Journal
Google Rucksack
Android Men's Short Sleeve Hero Tee Heather,Android Men's Take Charge Short Sleeve Tee Purple,Android Men's Pep Rally Short Sleeve Tee Navy
Google Rucksack,Google Men's Performance Full Zip Jacket Black,Google Men's Vintage Badge Tee White
Android Sticker Sheet Ultra Removable,Google Laptop and Cell Phone Stickers,Rubber Grip Ballpoint Pen 4 Pack
YouTube Men's Fleece Hoodie Black
Google Men's Short Sleeve Performance Badge Tee Pewter,Google Women's Vintage Hero Tee Lavender,Google Women's Vintage Hero Tee White
Android Sticker Sheet Ultra Removable,Google Laptop and Cell Phone Stickers,Google Doodle Decal
Google Crew Sweater Navy
Google Laptop and Cell Phone Stickers,8 pc Android Sticker Sheet,Switch Tone Color Crayon Pen,Galaxy Screen Cleaning Cloth
Google Sunglasses,YouTube Women's Fleece Hoodie Black,YouTube Twill Cap
Keyboard DOT Sticker,Google Zipper-front Sports Bag,Engraved Ceramic Google Mug,Google 25 oz Clear Stainless Steel Bottle
Google Laptop and Cell Phone Stickers,Recycled Paper Journal Set,Google Men's 100% Cotton Short Sleeve Hero Tee Red,Google Men's Short Sleeve Hero Tee Heather,Ballpoint Stick Pen 4 Pack
Windup Android
Google 22 oz Water Bottle,Red Shine 15 oz Mug
Google Sunglasses,Google Blackout Cap,Android Stretch Fit Hat M/L
8 pc Android Sticker Sheet,Ballpoint Pen Blue
Android Men's Outerstellar Short Sleeve Tee Black,Android BTTF Moonshot Graphic Tee,Google Pet Feeding Mat
Windup Android,Google 22 oz Water Bottle,Google Metallic Notebook Set,Maze Pen,Android Rise 14 oz Mug,7&quot; Dog Frisbee,Collapsible Shopping Bag,Google Blackout Cap,Android Men's Short Sleeve Hero Tee Heather,Google Women's Vintage Hero Tee Black,Android 17oz Stainless Steel Sport Bottle
Google Laptop and Cell Phone Stickers,Switch Tone Color Crayon Pen,Google Kick Ball
Google Women's Tee Grey,Google Infant Short Sleeve Tee Red,Collapsible Shopping Bag,Google Men's Watershed Full Zip Hoodie Grey,Google Onesie Red/Graphite,Google 25 oz Red Stainless Steel Bottle
Google Women's Short Sleeve Hero Tee Heather,Google Women's Tee Grey,Google Women's Scoop Neck Tee White
Maze Pen,Collapsible Shopping Bag,Google Hard Cover Journal
BLM Sweatshirt
Google Tri-blend Hoodie Grey
Google Men's 100% Cotton Short Sleeve Hero Tee Red,Badge Holder,Google Leather Journal-Brown
Google Men's Watershed Full Zip Hoodie Grey
Google Men's Lightweight Microfleece Jacket Black,Google Men's  Zip Hoodie,Google Men's Pullover Hoodie Grey
Women's Performance Full Zip Jacket Black
Google Stylus Pen w/ LED Light
Google Trike Tee Black,Google Women's Short Sleeve Badge Tee Grey,Google Snapback Black Cap,Android Large Removable Sticker Sheet,Google Laptop and Cell Phone Stickers,Google Women's Short Sleeve Hero Tee Heather,Google Tee Blue,Google Twill Cap,YouTube Tee Black,Android Small Removable Sticker Sheet,Google Women's Performance Golf Polo Blue,YouTube Custom Decals,Sport Bag,Google Men's 100% Cotton Short Sleeve Hero Tee Black,Android BTTF Cosmos Graphic Tee,Google Women's Short Sleeve Hero Tee Black,YouTube Women's Short Sleeve Tri-blend Badge Tee Charcoal
Android Sticker Sheet Ultra Removable,Android Men's Vintage Tank,Android Men's Take Charge Short Sleeve Tee Purple,22 oz Android Bottle
Google Twill Cap
Google 22 oz Water Bottle,Google RFID Journal,Google Blackout Cap,Men's Weatherblock Shell Jacket Black
Gift Card - $250.00
Android Matrix Tee White
Men's Weatherblock Shell Jacket Black,Google Youth Girl Hoodie
Google Men's Quilted Insulated Vest Black,Google Women's Quilted Insulated Vest White,Google Blackout Cap,Google Women's 1/4 Zip Performance Pullover Black,YouTube Men's Fleece Hoodie Black,You Tube Toddler Short Sleeve Tee Red,Android Men's Long Sleeve Badge Crew Tee Heather
Windup Android,8 pc Android Sticker Sheet,YouTube Custom Decals,Keyboard DOT Sticker,Emoji Sticker Sheet,Galaxy Screen Cleaning Cloth
Google Men's Short Sleeve Hero Tee Charcoal,Google Men's Vintage Badge Tee Sage
Google Pet Feeding Mat,Google Men's Short Sleeve Performance Badge Tee Pewter,Google Women's Vintage Hero Tee Black
Seat Pack Organizer,Google Toddler Hoodie Royal Blue
Android Men's Outerstellar Short Sleeve Tee Black,Google Men's 100% Cotton Short Sleeve Hero Tee Red,Android Men's Vintage Tank,Google Women's Vintage Hero Tee Black,Google Women's Vintage Hero Tee White
Android Toddler Short Sleeve T-shirt Pink,Android Youth Short Sleeve T-shirt Aqua
Google 22 oz Water Bottle,Google Sunglasses
Google Laptop and Cell Phone Stickers,Google Alpine Style Backpack,Android Small Removable Sticker Sheet,YouTube Custom Decals
Google Twill Cap,Waze Mood Ninja Window Decal
Google 5-Panel Cap
YouTube Custom Decals,YouTube Women's Fleece Hoodie Black,YouTube Women's Short Sleeve Hero Tee Charcoal,YouTube Leatherette Notebook Combo,YouTube RFID Journal
Android Sticker Sheet Ultra Removable,Google Rucksack,Google Doodle Decal,Colored Pencil Set,Google 25 oz Clear Stainless Steel Bottle
Android Men's Engineer Short Sleeve Tee Charcoal
Android Men's Vintage Tank,Google Men's Skater Tee Grey,Google Toddler Short Sleeve Tee White
Google Women's Convertible Vest-Jacket Sea Foam Green
Google Toddler Short Sleeve Tee Red,Google Youth Short Sleeve Tee White,Google Toddler Short Sleeve Tee White,You Tube Toddler Short Sleeve Tee Red,YouTube Youth Short Sleeve Tee Red,Google Toddler Short Sleeve T-shirt Royal Blue,Google Youth Girl Tee Green,Google Youth Short Sleeve T-shirt Royal Blue
Google Twill Cap
Google Men's Microfiber 1/4 Zip Pullover Blue/Indigo,Google Men's Bike Short Sleeve Tee Charcoal
Google Women's Short Sleeve Badge Tee Navy,Google Men's 100% Cotton Short Sleeve Hero Tee White
YouTube Men's Short Sleeve Hero Tee Black,YouTube Leatherette Notebook Combo,YouTube Men's Short Sleeve Hero Tee White,YouTube Spiral Journal with Pen
Google Women's Short Sleeve Badge Tee Navy,Foam Can and Bottle Cooler
Waterproof Backpack
Google Metallic Notebook Set
Google 25 oz Clear Stainless Steel Bottle
Google Men's 100% Cotton Short Sleeve Hero Tee Black,Google Men's Vintage Badge Tee Black,26 oz Double Wall Insulated Bottle,20 oz Stainless Steel Insulated Tumbler
Ballpoint LED Light Pen,Google Metallic Notebook Set
YouTube Leatherette Notebook Combo,Google 25 oz Red Stainless Steel Bottle
Google RFID Journal,Satin Black Ballpoint Pen
Google Men's Quilted Insulated Vest Black
Google Youth Short Sleeve Tee Red,YouTube Women's Short Sleeve Hero Tee Charcoal,Google Youth Short Sleeve Tee White,YouTube Men's Short Sleeve Hero Tee Charcoal
Google Stylus Pen w/ LED Light,Google Men's Long Sleeve Raglan Cranberry
Google Women's Short Sleeve Badge Tee Grey
Google Men's Quilted Insulated Vest Battleship Grey,Google Men's Watershed Full Zip Hoodie Grey
Google Women's 1/4 Zip Jacket Charcoal
BLM Sweatshirt
Google Men's 100% Cotton Short Sleeve Hero Tee Black,Google Women's Short Sleeve Hero Tee Sky Blue,Google Men's 100% Cotton Short Sleeve Hero Tee Red,Google Men's 100% Cotton Short Sleeve Hero Tee Navy,Google Infant Short Sleeve Tee White,Google Men's 100% Cotton Short Sleeve Hero Tee White,Google Women's Short Sleeve Hero Tee Red Heather,Google Men's Bike Short Sleeve Tee Charcoal,Google Infant Short Sleeve Tee Royal Blue,Google Toddler Short Sleeve Tee White
Google Men's Vintage Tank
Google Stretch Fit Hat M/L Navy
Google Men's Long & Lean Tee Charcoal
Google Crew Sweater Navy
Google 17oz Stainless Steel Sport Bottle
Google 22 oz Water Bottle,Maze Pen,Google Spiral Journal with Pen,7&quot; Dog Frisbee,Google Doodle Decal,Google Kick Ball,22 oz Android Bottle,YouTube Spiral Journal with Pen,Reusable Shopping Bag
Google Tee Green,Google Tee Yellow
Google Men's Lightweight Microfleece Jacket Black
Google Laptop and Cell Phone Stickers,Maze Pen,YouTube Custom Decals,Keyboard DOT Sticker,Google Doodle Decal,Google Women's Vintage Hero Tee White
Maze Pen,Android Men's Take Charge Short Sleeve Tee Purple,Google Women's Performance Hero Tee Gunmetal,Android Twill Cap,Google Men's Performance Hero Tee Gunmetal,Android Journal Book Set
Four Color Retractable Pen
Google Men's Vintage Badge Tee White,Google Blackout Cap,Google Men's Vintage Badge Tee Black,Google Women's Vintage Hero Tee Black,Leatherette Journal
Google Metallic Notebook Set,Four Color Retractable Pen,Collapsible Shopping Bag,Galaxy Screen Cleaning Cloth
You Tube Toddler Short Sleeve Tee Red
YouTube Custom Decals
Google Women's 1/4 Zip Jacket Charcoal
Google Rucksack,Google Men's Vintage Tank
Google Crewneck Sweatshirt Navy
Google Women's Short Sleeve Hero Tee White
YouTube Twill Cap
BLM Sweatshirt
Google Men's Performance Full Zip Jacket Black,Google Onesie Green
Gift Card- $100.00
Google Spiral Journal with Pen
Android Men's Take Charge Short Sleeve Tee Purple,Android Men's Engineer Short Sleeve Tee Charcoal
Google Baby Essentials Set
BLM Sweatshirt
Maze Pen,Galaxy Screen Cleaning Cloth,1 oz Hand Sanitizer
Google Pet Feeding Mat,Foam Can and Bottle Cooler
Google Laptop and Cell Phone Stickers,Waze Baby on Board Window Decal,Waze Mood Original Window Decal,Waze Mood Ninja Window Decal,Android Men's  Zip Hoodie,Foam Can and Bottle Cooler,Android Glass Water Bottle with Black Sleeve
Google Laptop and Cell Phone Stickers,Recycled Paper Journal Set,Google Youth Short Sleeve T-shirt Yellow,Google Youth Short Sleeve T-shirt Green
Google Men's Vintage Badge Tee White,Google Men's 100% Cotton Short Sleeve Hero Tee White
Google Women's 1/4 Zip Performance Pullover Two-Tone Blue,Google Hard Cover Journal,Google Women's Vintage Hero Tee Black
Windup Android,Google Laptop and Cell Phone Stickers,Google Metallic Notebook Set,Colored Pencil Set,Color Changing Grip Pen
Google Men's Bike Short Sleeve Tee Charcoal,YouTube Men's Vintage Tee
Google Stylus Pen w/ LED Light
Google Baby Essentials Set
Google RFID Journal,Android Rise 14 oz Mug,Collapsible Shopping Bag,Google Lunch Bag,Colored Pencil Set
YouTube Men's Short Sleeve Hero Tee Black
Android Luggage Tag
Waze Mobile Phone Vent Mount
7&quot; Dog Frisbee,Google Collapsible Pet Bowl
Foam Can and Bottle Cooler
26 oz Double Wall Insulated Bottle
Google Men's 100% Cotton Short Sleeve Hero Tee Black,Android Men's Outerstellar Short Sleeve Tee Black,Android Men's Take Charge Short Sleeve Tee Purple,Android Men's Pep Rally Short Sleeve Tee Navy,Android Men's Paradise Short Sleeve Tee Olive,Android Lifted Men's Short Sleeve Tee Blue,Google Men's Short Sleeve Performance Badge Tee Navy
Google Women's Tee Grey,Switch Tone Color Crayon Pen,Google Women's Short Sleeve Hero Tee Grey,Google Men's Bike Short Sleeve Tee Charcoal,Google Toddler Short Sleeve T-shirt Grey,Google Men's Around The Block Short Sleeve Tee Ash
Women's Performance Full Zip Jacket Black
Gift Card - $250.00
Google Sunglasses
Google Men's Quilted Insulated Vest Battleship Grey
Google Men's Watershed Full Zip Hoodie Grey,Google Leather Journal-Black
YouTube Men's Short Sleeve Hero Tee Black
Google Twill Cap,Google Women's Performance Golf Polo Blue
Google Twill Cap,Four Color Retractable Pen,Google Men's 100% Cotton Short Sleeve Hero Tee Black,Google Baby Essentials Set
Google Stylus Pen w/ LED Light,Leatherette Journal,Satin Black Ballpoint Pen
Google Men's Bike Short Sleeve Tee Charcoal
Google Women's Quilted Insulated Vest White,Google Women's Vintage Hero Tee Platinum
Google Men's 100% Cotton Short Sleeve Hero Tee Navy,Google Men's Short Sleeve Badge Tee Charcoal,Google Men's Short Sleeve Performance Badge Tee Black,YouTube Men's Short Sleeve Hero Tee Charcoal,Google Men's Short Sleeve Hero Tee Light Blue,YouTube Twill Cap,Large Zipper Top Tote Bag
Women's Performance Full Zip Jacket Black
Metal Texture Roller Pen,YouTube Wool Heather Cap Heather/Black
Google Tee Green
Windup Android,Google Tee Blue,Sport Bag
Google Men's Watershed Full Zip Hoodie Grey
Windup Android,Google Luggage Tag,Google Canvas Tote Natural/Navy,Google Laptop Tech Backpack
Google Women's Short Sleeve Hero Tee White,Google Men's Long Sleeve Raglan Cranberry
Google Women's Short Sleeve Hero Tee Sky Blue,Google Women's Short Sleeve Hero Tee Black,Google Men's 100% Cotton Short Sleeve Hero Tee Red,Google Men's 100% Cotton Short Sleeve Hero Tee Navy,Google Women's Short Sleeve Hero Tee Grey,Google Men's Short Sleeve Hero Tee Charcoal,Google Men's 100% Cotton Short Sleeve Hero Tee White,Google Men's Vintage Badge Tee Black,Google Women's Short Sleeve Hero Tee Red Heather,Google Men's Short Sleeve Hero Tee Heather
Google Sunglasses
Ballpoint LED Light Pen,Leatherette Journal,20 oz Stainless Steel Insulated Tumbler,Reusable Shopping Bag
Google Crewneck Sweatshirt Navy
Windup Android,Android Sticker Sheet Ultra Removable,Google Metallic Notebook Set,Google Sunglasses,Switch Tone Color Crayon Pen,26 oz Double Wall Insulated Bottle,Google 25 oz Red Stainless Steel Bottle
Google Blackout Cap,Google Women's Long Sleeve Blended Cardigan Charcoal
Google Canvas Tote Natural/Navy
Gift Card - $50.00
Google Women's Vintage Hero Tee Lavender,Google Men's Bike Short Sleeve Tee Charcoal
Keyboard DOT Sticker,Waterproof Backpack,Google Doodle Decal
Colored Pencil Set
Windup Android,1 oz Hand Sanitizer,22 oz Android Bottle,20 oz Stainless Steel Insulated Tumbler
Google Zip Hoodie Black,Android Tone Hoodie Black
Google Men's Watershed Full Zip Hoodie Grey
YouTube Custom Decals,YouTube Men's Short Sleeve Hero Tee Black
Google Men's Long & Lean Tee Charcoal,Android Men's Outerstellar Short Sleeve Tee Black
Google Tri-blend Hoodie Grey
Google Women's Short Sleeve Hero Tee White,Google RFID Journal,Suitcase Organizer Cubes,Android Men's Pep Rally Short Sleeve Tee Navy,Android RFID Journal,Android Stretch Fit Hat
Google Twill Cap,Google Men's 100% Cotton Short Sleeve Hero Tee Black,Google Men's 100% Cotton Short Sleeve Hero Tee Navy
Android BTTF Moonshot Graphic Tee
Google Women's Short Sleeve Badge Tee Navy,Google Women's Vintage Hero Tee Platinum,Google Women's Vintage Hero Tee Black
Google Pet Feeding Mat,Badge Holder,Galaxy Screen Cleaning Cloth
Google 25 oz Clear Stainless Steel Bottle
Google Snapback Hat Black
Google 17oz Stainless Steel Sport Bottle
Google Men's 100% Cotton Short Sleeve Hero Tee White,Google Men's Vintage Badge Tee Black
Google Women's Short Sleeve Badge Tee Grey,YouTube Women's Short Sleeve Tri-blend Badge Tee Charcoal,Google Blackout Cap
Google Women's Scoop Neck Tee White,Google Women's Scoop Neck Tee Black,Google Women's Long Sleeve Tee Lavender,Google Womens 3/4 Sleeve Baseball Raglan Heather/Black
Google Men's Vintage Badge Tee Black
Google 40 oz Insulated Monster Bottle
Google 17oz Stainless Steel Sport Bottle,Google Hard Cover Journal
Google Blackout Cap,Foam Can and Bottle Cooler,Google Zipper-front Sports Bag
Google 17oz Stainless Steel Sport Bottle
Google Men's Quilted Insulated Vest Black,Google Men's Lightweight Microfleece Jacket Black
Google Men's 100% Cotton Short Sleeve Hero Tee Black
Google Women's Short Sleeve Hero Tee Heather,Google Women's Tee Grey,Google Twill Cap
Gift Card - $25.00
26 oz Double Wall Insulated Bottle
Ballpoint LED Light Pen,Switch Tone Color Crayon Pen,Colored Pencil Set
Waze Mobile Phone Vent Mount,Google Men's Watershed Full Zip Hoodie Grey,Google Leather Journal-Black
Foam Can and Bottle Cooler,Google 17 oz Double Wall Stainless Steel Insulated Bottle
Google Men's Microfiber 1/4 Zip Pullover Blue/Indigo
Google Doodle Decal,Google Women's Yoga Pants
Google Men's Long & Lean Tee Charcoal,Android Men's Vintage Tank,Google Men's Vintage Badge Tee Black,Android Men's Long Sleeve Badge Crew Tee Heather
Google Laptop and Cell Phone Stickers,Google Twill Cap,Google Men's Short Sleeve Performance Badge Tee Charcoal
Google Emoji Sticker Pack,Android Tone Hoodie Black,Android Small Removable Sticker Sheet,Google Snapback Navy Cap
Men's Softshell Jacket Black/Grey
Google Twill Cap
Google Men's 100% Cotton Short Sleeve Hero Tee Black,Google Men's 100% Cotton Short Sleeve Hero Tee Navy
Google Men's  Zip Hoodie
Google Infant Zip Hood Pink
1 oz Hand Sanitizer
24 oz YouTube Sergeant Stripe Bottle,YouTube Luggage Tag
Google Men's Short Sleeve Badge Tee Charcoal
Windup Android,Google Kick Ball,Google Men's  Zip Hoodie,Google Men's Pullover Hoodie Grey,Google Tri-blend Hoodie Grey
Google Women's Short Sleeve Badge Tee Grey,Google Women's Short Sleeve Hero Tee Heather,Google Twill Cap,Sport Bag,Google Men's 100% Cotton Short Sleeve Hero Tee Black,Android Men's Outerstellar Short Sleeve Tee Black,Google Youth Short Sleeve Tee Red,Android BTTF Cosmos Graphic Tee,Google Women's Short Sleeve Hero Tee Black,YouTube Women's Short Sleeve Tri-blend Badge Tee Charcoal,Google Youth Baseball Raglan Heather/Black
Google Women's Vintage Hero Tee Black,UpCycled Bike Saddle Bag
Google Women's Short Sleeve Hero Tee White
Gift Card- $100.00
Google Men's 100% Cotton Short Sleeve Hero Tee Black,Google Men's Vintage Badge Tee White
Google Sunglasses,Google Pet Feeding Mat,Google Luggage Tag
Maze Pen,Google Sunglasses,Ballpoint Pen Blue
Google Sunglasses
Waterproof Backpack
Google Women's Performance Golf Polo Blue,Maze Pen,Google Sunglasses,Google Women's Scoop Neck Tee Black
Google Men's Bayside Graphic Tee,Red Shine 15 oz Mug,Google Men's Vintage Badge Tee Black,Google Men's  Zip Hoodie,Google Men's Bike Short Sleeve Tee Charcoal,Android Stretch Fit Hat
YouTube Women's Favorite Tee White,YouTube Tee Black,Waze Mobile Phone Vent Mount,YouTube Transmission Journal Black,YouTube Kids Tee White,YouTube Kids Onesie White
Google Crewneck Sweatshirt Navy,Google Twill Cap
Ballpoint LED Light Pen,Google 22 oz Water Bottle,Google Large Standard Journal Navy,Sport Bag,Google Men's 100% Cotton Short Sleeve Hero Tee Black
Google 22 oz Water Bottle,Google 17oz Stainless Steel Sport Bottle,Google Kick Ball,Colored Pencil Set,Foam Can and Bottle Cooler,22 oz Android Bottle,Pen Pencil & Highlighter Set,SPF-15 Slim & Slender Lip Balm,Google 5-Panel Snapback Cap,Insulated Bottle
Android Rise 14 oz Mug
Google Laptop and Cell Phone Stickers,Four Color Retractable Pen,Google Spiral Journal with Pen,Waterproof Backpack,Badge Holder,Google Doodle Decal,Google Luggage Tag,Galaxy Screen Cleaning Cloth,1 oz Hand Sanitizer,Spiral Notebook and Pen Set,Ballpoint Pen Blue,Pen Pencil & Highlighter Set,Google Ballpoint Pen Black,Grip Highlighter Pen 3 Pack,Ballpoint Stick Pen 4 Pack
Sport Bag,Google 17 oz Double Wall Stainless Steel Insulated Bottle,Google Ballpoint Pen Black
Google Women's Fleece Hoodie
Google Men's 100% Cotton Short Sleeve Hero Tee Black,Google Men's 100% Cotton Short Sleeve Hero Tee Navy
BLM Sweatshirt
Google Men's Vintage Tank,Men's Weatherblock Shell Jacket Black,YouTube Men's Short Sleeve Hero Tee White
Ballpoint LED Light Pen,Android Stretch Fit Hat M/L,Google Ballpoint Pen Black
Google 22 oz Water Bottle,Waze Mobile Phone Vent Mount,Sport Bag,Google 25 oz Red Stainless Steel Bottle,Google Zipper-front Sports Bag
Google Women's Short Sleeve Hero Tee Sky Blue
Google Men's 100% Cotton Short Sleeve Hero Tee Black,Google 3/4 Sleeve Raglan Badge Henley Black,Google Men's Short Sleeve Hero Tee Charcoal,Google Men's Performance Hero Tee Gunmetal
Windup Android,Maze Pen,Galaxy Screen Cleaning Cloth,Google Ballpoint Pen Black,Color Changing Grip Pen
Google Women's Tee Grey,Google Men's Performance Full Zip Jacket Black,Google Men's Quilted Insulated Vest Black,Android Men's Long Sleeve Badge Crew Tee Heather
Google Women's Short Sleeve Hero Tee Black,YouTube Luggage Tag
Google Onesie Green
Four Color Retractable Pen,26 oz Double Wall Insulated Bottle
Men's Softshell Jacket Black/Grey
Google 22 oz Water Bottle,Android Sticker Sheet Ultra Removable,Google Laptop and Cell Phone Stickers,Recycled Paper Journal Set,Android Rise 14 oz Mug,Red Shine 15 oz Mug,Galaxy Screen Cleaning Cloth,Reusable Shopping Bag
Google Sunglasses,Google 5-Panel Snapback Cap
Android Rise 14 oz Mug,Emoji Sticker Sheet
Google 22 oz Water Bottle,Google Metallic Notebook Set,Four Color Retractable Pen
Google Laptop and Cell Phone Stickers,Google Women's Tee Grey
Windup Android,Google Men's 100% Cotton Short Sleeve Hero Tee Red,YouTube Trucker Hat
Google Men's Quilted Insulated Vest Black,Google Tri-blend Hoodie Grey
Google Women's Performance Golf Polo Blue
Google Men's Airflow 1/4 Zip Pullover Black
26 oz Double Wall Insulated Bottle
Android BTTF Moonshot Graphic Tee,Red Spiral Google Notebook,Android Youth Short Sleeve T-shirt Aqua,Google 25 oz Clear Stainless Steel Bottle
Android Men's Outerstellar Short Sleeve Tee Black,Android BTTF Moonshot Graphic Tee,Android BTTF Cosmos Graphic Tee,Google Men's Vintage Tank
Google Hard Cover Journal,YouTube Hard Cover Journal
Google Men's 100% Cotton Short Sleeve Hero Tee Black,Google Men's  Zip Hoodie
Waterproof Backpack
UpCycled Bike Saddle Bag,Android Men's Long Sleeve Badge Crew Tee Heather
Google Trike Tee Black,Google Tee Blue,Android Men's Outerstellar Short Sleeve Tee Black,Android BTTF Moonshot Graphic Tee,Android BTTF Cosmos Graphic Tee
Google Men's 100% Cotton Short Sleeve Hero Tee White
Google Sunglasses,Google Kick Ball,Google Tote Bag,Android Lunch Kit,Android 17oz Stainless Steel Sport Bottle,Google 5-Panel Snapback Cap
Waze Mobile Phone Vent Mount
YouTube Custom Decals,YouTube Men's Vintage Henley,YouTube Men's Fleece Hoodie Black
Android 17oz Stainless Steel Sport Bottle
Google Men's Lightweight Microfleece Jacket Black,Satin Black Ballpoint Pen,Ballpoint Pen & Matching Tube Case
Google Men's Vintage Badge Tee Sage,Google Men's Vintage Badge Tee Black,Google Women's Vintage Hero Tee Black,Google 5-Panel Snapback Cap
Google Laptop and Cell Phone Stickers,Google Men's 100% Cotton Short Sleeve Hero Tee Black,Google Men's Bayside Graphic Tee,Google Men's 100% Cotton Short Sleeve Hero Tee White,Google Men's Long & Lean Tee Grey,Google Hard Cover Journal,Leatherette Journal,Satin Black Ballpoint Pen
Google Doodle Decal,Android Wool Heather Cap Heather/Black
BLM Sweatshirt
Google Stylus Pen w/ LED Light,Google 17oz Stainless Steel Sport Bottle,Google Hard Cover Journal
Ballpoint LED Light Pen,Google Stylus Pen w/ LED Light,Waze Mobile Phone Vent Mount,Google Metallic Notebook Set,Four Color Retractable Pen,Waze Women's Typography Short Sleeve Tee,Google Men's 100% Cotton Short Sleeve Hero Tee Navy,Android Men's  Zip Hoodie,Android Men's Engineer Short Sleeve Tee Charcoal
Google Tee Green
Google 22 oz Water Bottle,Google Twill Cap,Google Metallic Notebook Set
Google Men's Vintage Badge Tee White,Google Men's Colorblock Tee White/Heather,Google Men's Bike Short Sleeve Tee Charcoal
Google Men's 100% Cotton Short Sleeve Hero Tee Black
Google Women's Shell Jacket Blue/Black
Google Stylus Pen w/ LED Light
26 oz Double Wall Insulated Bottle
Google Sunglasses,Google Youth Girl Tee Green
Ballpoint LED Light Pen,Four Color Retractable Pen
Google Men's 100% Cotton Short Sleeve Hero Tee Black,Google 5-Panel Snapback Cap
Windup Android
Google Women's Short Sleeve Hero Tee White,20 oz Stainless Steel Insulated Tumbler,Google Infuser-Top Water Bottle
Leatherette Journal,Leather and Metal Ballpoint Pen
Badge Holder
8 pc Android Sticker Sheet,Google RFID Journal,Android Rise 14 oz Mug,Switch Tone Color Crayon Pen,Google Doodle Decal,Google Kick Ball,Google Lunch Bag
Ballpoint LED Light Pen,Google Laptop and Cell Phone Stickers,Google Men's 100% Cotton Short Sleeve Hero Tee Navy,Google Men's Lightweight Microfleece Jacket Black,Satin Black Ballpoint Pen
Waterproof Backpack
Google 22 oz Water Bottle,Maze Pen,Android Rise 14 oz Mug,Google Men's 100% Cotton Short Sleeve Hero Tee Red,Google Men's 100% Cotton Short Sleeve Hero Tee Navy,Google Men's Short Sleeve Performance Badge Tee Pewter,Google Men's Vintage Badge Tee Black
Ballpoint LED Light Pen,Google Tri-blend Hoodie Grey,Leatherette Journal,Grip Highlighter Pen 3 Pack,Google 25 oz Clear Stainless Steel Bottle
Google Tee Yellow,Google Women's Tee Grey,Google Women's Performance Golf Polo Blue
Google Men's  Zip Hoodie
Google Women's Short Sleeve Badge Tee Grey,Google Men's Quilted Insulated Vest Battleship Grey,Google Toddler Short Sleeve T-shirt Grey,Android Men's Long Sleeve Badge Crew Tee Heather,Android Stretch Fit Hat L/XL
Google Doodle Decal
Google Men's 100% Cotton Short Sleeve Hero Tee White,YouTube Men's Short Sleeve Hero Tee White
Ballpoint LED Light Pen,Windup Android,23 oz Wide Mouth Sport Bottle
Google Trike Tee Black
Google Womens 3/4 Sleeve Baseball Raglan Heather/Black,20 oz Stainless Steel Insulated Tumbler,Google 25 oz Blue Stainless Steel Bottle
YouTube Men's Short Sleeve Hero Tee Black,22 oz YouTube Bottle Infuser,24 oz YouTube Sergeant Stripe Bottle
Android Rise 14 oz Mug,Android Men's Vintage Tank,Android Men's Short Sleeve Tri-blend Hero Tee Grey
YouTube Men's Short Sleeve Hero Tee White
Google Women's Short Sleeve Hero Tee Sky Blue,YouTube Men's Vintage Tank,YouTube Women's Short Sleeve Hero Tee Charcoal,Google Men's Short Sleeve Hero Tee Heather,YouTube Youth Short Sleeve Tee Red
Google Women's Scoop Neck Tee White,Google Pet Feeding Mat,Google Women's Short Sleeve Hero Tee Grey,Google Women's Lightweight Microfleece Jacket
Spiral Notebook and Pen Set
Recycled Paper Journal Set
Foam Can and Bottle Cooler,Yoga Mat Blue
Google Laptop and Cell Phone Stickers,Google Men's 100% Cotton Short Sleeve Hero Tee White,YouTube Men's Short Sleeve Hero Tee Charcoal
Google Men's Long & Lean Tee Charcoal,YouTube Men's Long & Lean Tee Charcoal,YouTube Women's Fleece Hoodie Black,22 oz YouTube Bottle Infuser,YouTube Leatherette Notebook Combo,YouTube Men's Skater Tee Charcoal,YouTube Notebook and Pen Set
Android Men's Vintage Tank
Google Infant Short Sleeve Tee Red,Google Toddler Short Sleeve T-shirt Grey,Google Toddler Sports T-shirt Red,Google Infant Short Sleeve Tee Cornflower Blue
Google Men's Long & Lean Tee Charcoal,Google Men's 100% Cotton Short Sleeve Hero Tee Navy,Google Men's 100% Cotton Short Sleeve Hero Tee White,1 oz Hand Sanitizer,Google Canvas Tote Natural/Navy,Spiral Notebook and Pen Set,Google Men's Skater Tee Grey
Red Shine 15 oz Mug,Android 25 oz Green Apple Stainless Steel Bottle,Crunch Noise Dog Toy,Compact Selfie Stick,24 oz YouTube Sergeant Stripe Bottle,Google 25 oz Blue Stainless Steel Bottle,Engraved Ceramic Google Mug
Foam Can and Bottle Cooler
Ballpoint Pen Blue
Google Women's Vintage Hero Tee Lavender,Android Men's Engineer Short Sleeve Tee Charcoal,Google Women's Vintage Hero Tee Black
Windup Android,Sport Bag,Google Men's 100% Cotton Short Sleeve Hero Tee Black,Collapsible Shopping Bag,SPF-15 Slim & Slender Lip Balm
Google Men's 100% Cotton Short Sleeve Hero Tee Navy,Google Women's Fleece Hoodie,Google Men's Pullover Hoodie Grey
BLM Sweatshirt
Android Rise 14 oz Mug,Android Men's  Zip Hoodie,Android 24 oz Contigo Bottle
Google Youth Baseball Raglan Heather/Black
Android BTTF Cosmos Graphic Tee
Google Men's Pullover Hoodie Grey
Google Men's Bike Short Sleeve Tee Charcoal
Google RFID Journal,Red Shine 15 oz Mug,Google Spiral Leather Journal
25L Classic Rucksack
Google Women's Fleece Hoodie,Google Women's 1/4 Zip Jacket Charcoal,Google Women's Short Sleeve Hero Tee Red Heather,Google Women's Vintage Hero Tee Black
Google Alpine Style Backpack,Colored Pencil Set
Keyboard DOT Sticker,Red Shine 15 oz Mug
Google Metallic Notebook Set,Google Sunglasses,Suitcase Organizer Cubes
Google Rucksack,Waterproof Backpack,Google Luggage Tag
Google Men's Vintage Badge Tee White,Men's Softshell Jacket Black/Grey,Google Men's Vintage Badge Tee Black
26 oz Double Wall Insulated Bottle
Google Men's 100% Cotton Short Sleeve Hero Tee White
Google Men's 100% Cotton Short Sleeve Hero Tee Navy
Google Women's Short Sleeve Hero Tee White
Google Sunglasses,Google Kick Ball,Google Lunch Bag,Galaxy Screen Cleaning Cloth,Reusable Shopping Bag
Android Sticker Sheet Ultra Removable,Google Laptop and Cell Phone Stickers
Android Glass Water Bottle with Black Sleeve
Google 17oz Stainless Steel Sport Bottle,Google 25 oz Red Stainless Steel Bottle
Google Kick Ball,Google Men's Short Sleeve Hero Tee Heather
Windup Android,Google 22 oz Water Bottle,8 pc Android Sticker Sheet,Recycled Paper Journal Set,Sport Bag
Google Women's Short Sleeve Hero Tee White
Google 22 oz Water Bottle,Recycled Paper Journal Set,Android Rise 14 oz Mug,Google Youth Short Sleeve Tee White,Google Toddler Short Sleeve Tee White,Google Youth Girl Hoodie
Google Sunglasses,Google Blackout Cap,Google Men's Vintage Badge Tee Sage,Galaxy Screen Cleaning Cloth
Android BTTF Moonshot Graphic Tee,Google Men's Bike Short Sleeve Tee Charcoal
YouTube Men's Short Sleeve Hero Tee Black
YouTube Custom Decals,YouTube Men's Vintage Henley,YouTube Spiral Journal with Pen
Google Men's Quilted Insulated Vest Battleship Grey,Google Lunch Bag,Android Lunch Kit
Women's Performance Full Zip Jacket Black,Yoga Mat Blue
Google 17oz Stainless Steel Sport Bottle,Google Ballpoint Pen Black,Google Collapsible Duffel Black
Google Men's Airflow 1/4 Zip Pullover Lapis,Google Men's Short Sleeve Hero Tee Charcoal
Waze Mobile Phone Vent Mount,Waze Mood Original Window Decal
Android Heavyweight Long Sleeve Badge Tee Black,Google Men's Long Sleeve Pullover Badge Tee Heather,Android Men's 3/4 Sleeve Raglan Henley Black
Gift Card- $100.00
YouTube Women's Fleece Hoodie Black
Google Laptop and Cell Phone Stickers
Google Men's 100% Cotton Short Sleeve Hero Tee Black,Android BTTF Moonshot Graphic Tee,Android Men's Short Sleeve Tri-blend Hero Tee Grey,Android Men's Short Sleeve Hero Tee White,Google Men's 100% Cotton Short Sleeve Hero Tee White,Google Men's Around The Block Short Sleeve Tee Ash
Google Zip Hoodie Black
Google Men's 100% Cotton Short Sleeve Hero Tee Black,YouTube Men's Short Sleeve Hero Tee Black,Google Blackout Cap,Google 17oz Stainless Steel Sport Bottle,26 oz Double Wall Insulated Bottle,Google Spiral Leather Journal,Leatherette Journal,YouTube Hard Cover Journal
Android Rise 14 oz Mug
Google Laptop and Cell Phone Stickers
Google Men's Airflow 1/4 Zip Pullover Lapis,Google Men's Performance 1/4 Zip Pullover Heather/Black
Google Women's Convertible Vest-Jacket Sea Foam Green,Google Men's Airflow 1/4 Zip Pullover Lapis,Google Pet Feeding Mat,Emoji Sticker Sheet
Google Zip Hoodie Black
Google Men's Long & Lean Tee Charcoal,Red Shine 15 oz Mug,Google Men's Short Sleeve Performance Badge Tee Pewter,Google Men's Long & Lean Tee Grey,Google Men's Skater Tee Grey,Android Men's Long & Lean Badge Tee Charcoal,Seat Pack Organizer,Android Men's Skater Badge Tee Charcoal
Google Women's Short Sleeve Badge Tee Grey,Google Men's Short Sleeve Performance Badge Tee Pewter
Google Laptop and Cell Phone Stickers,Google Twill Cap,Red Spiral Google Notebook
Google Onesie Red/Graphite,YouTube Twill Cap,You Tube Toddler Short Sleeve Tee Red
Windup Android
Waze Women's Typography Short Sleeve Tee
Google Metallic Notebook Set
Google Toddler Short Sleeve T-shirt Grey,Google Youth Girl Tee Green
Google Stylus Pen w/ LED Light,Google Sunglasses,Google Men's Quilted Insulated Vest Black,26 oz Double Wall Insulated Bottle,Google Hard Cover Journal,Google Zipper-front Sports Bag
Google Women's Short Sleeve Badge Tee Grey,Google Tee Blue,Waze Dress Socks,Google Men's 100% Cotton Short Sleeve Hero Tee Red
YouTube Men's Fleece Hoodie Black
BLM Sweatshirt
Recycled Paper Journal Set,Google 17oz Stainless Steel Sport Bottle
Google Youth Short Sleeve Tee Red,Google Youth Short Sleeve Tee White
YouTube Men's Short Sleeve Hero Tee White,Google Youth Short Sleeve T-shirt Green,Google Youth Sports Tee Navy
Gift Card - $25.00
Leatherette Journal
Google Men's Quilted Insulated Vest Battleship Grey,Android Men's 3/4 Sleeve Raglan Henley Black
Google Women's Short Sleeve Hero Tee White,Google Metallic Notebook Set,Google Sunglasses,Rubber Grip Ballpoint Pen 4 Pack,7&quot; Dog Frisbee,Google Kick Ball,22 oz YouTube Bottle Infuser,Google Men's 100% Cotton Short Sleeve Hero Tee White,Spiral Notebook and Pen Set,22 oz Android Bottle,Ballpoint Stick Pen 4 Pack
Google Men's Performance 1/4 Zip Pullover Heather/Black,Google Men's Short Sleeve Badge Tee Charcoal
Google Crewneck Sweatshirt Navy,Google Tee Green
Google Alpine Style Backpack,Google Rucksack,Waterproof Backpack
Google 22 oz Water Bottle,Rubber Grip Ballpoint Pen 4 Pack,Pen Pencil & Highlighter Set,Google Youth Short Sleeve T-shirt Royal Blue
